class,분류,코드,음 식 명,중량(g),에너지(kcal),탄수화물(g),단백질(g),지방(g),나트륨(mg),당류(g),칼슘(mg),인(mg),칼륨(mg),마그네슘(mg),철(mg),아연(mg),콜레스테롤(mg),트랜스지방(g),,
0,밥류01,01-011-001,쌀밥,210.00 ,334.80 ,73.71 ,5.76 ,0.45 ,59.40 ,0.00 ,3.60 ,126.00 ,146.70 ,-,0.36 ,1.35 ,0.00 ,0.00 ,,
1,밥류01,01-012-001,기타잡곡밥,200.00 ,302.36 ,65.52 ,6.71 ,0.75 ,3.39 ,0.00 ,12.06 ,117.84 ,166.72 ,6.90 ,1.74 ,1.83 ,0.00 ,0.00 ,,
2,밥류01,01-012-002,콩밥,200.00 ,322.90 ,65.85 ,8.43 ,1.67 ,4.10 ,0.00 ,24.70 ,126.90 ,258.40 ,22.50 ,1.74 ,1.61 ,0.00 ,0.00 ,,
3,밥류01,01-012-003,보리밥,200.00 ,316.10 ,70.57 ,5.55 ,0.14 ,4.50 ,0.00 ,6.70 ,68.80 ,100.60 ,0.00 ,1.26 ,1.41 ,0.00 ,0.00 ,,
4,밥류01,01-012-004,돌솥밥,350.00 ,528.86 ,101.85 ,10.19 ,8.35 ,618.32 ,0.00 ,61.46 ,193.72 ,624.32 ,57.79 ,3.32 ,2.58 ,2.37 ,0.00 ,,
5,밥류01,01-012-005,현미밥,230.00 ,351.35 ,77.88 ,6.66 ,1.10 ,42.08 ,0.00 ,6.01 ,178.28 ,209.33 ,0.00 ,1.05 ,1.65 ,0.00 ,0.00 ,,
6,밥류01,01-012-006,흑미밥,200.00 ,318.00 ,70.29 ,5.44 ,0.39 ,4.50 ,0.00 ,6.30 ,98.60 ,112.90 ,0.00 ,1.29 ,1.35 ,0.00 ,0.00 ,,
7,밥류01,01-013-001,감자밥,200.00 ,308.00 ,68.64 ,5.68 ,0.08 ,5.20 ,0.00 ,6.40 ,86.80 ,267.60 ,9.20 ,1.36 ,1.40 ,0.00 ,0.00 ,,
8,밥류01,01-013-002,곤드레밥,350.00 ,506.80 ,108.05 ,14.14 ,8.37 ,88.75 ,0.00 ,30.32 ,95.48 ,815.92 ,22.40 ,1.88 ,1.78 ,0.00 ,0.00 ,,
9,밥류01,01-014-001,김치볶음밥,500.00 ,656.98 ,79.29 ,8.74 ,5.06 ,1094.91 ,4.00 ,35.89 ,182.12 ,305.71 ,1.92 ,1.06 ,1.85 ,76.00 ,0.00 ,,
10,밥류01,01-014-002,주먹밥,150.00 ,209.56 ,36.18 ,6.70 ,3.46 ,329.69 ,0.00 ,85.43 ,151.23 ,179.33 ,0.00 ,0.70 ,0.80 ,50.13 ,0.00 ,,
11,밥류01,01-014-003,볶음밥,400.00 ,687.74 ,100.33 ,24.46 ,19.29 ,1441.42 ,0.00 ,58.42 ,414.66 ,578.88 ,14.98 ,3.29 ,3.45 ,309.00 ,0.00 ,,
12,밥류01,01-014-004,일반비빔밥,500.00 ,703.00 ,95.68 ,22.60 ,25.28 ,1234.09 ,3.44 ,96.80 ,289.33 ,742.51 ,55.80 ,4.75 ,4.16 ,40.20 ,0.00 ,,
13,밥류01,01-014-005,전주비빔밥,450.00 ,662.19 ,92.99 ,15.84 ,13.03 ,1281.30 ,3.44 ,65.04 ,236.12 ,450.11 ,10.84 ,3.24 ,2.86 ,286.94 ,0.00 ,,
14,밥류01,01-014-006,삼선볶음밥,400.00 ,683.62 ,113.43 ,19.26 ,16.84 ,1155.81 ,5.09 ,119.37 ,249.11 ,640.97 ,29.67 ,4.52 ,3.57 ,119.13 ,0.00 ,,
15,밥류01,01-014-007,새우볶음밥,400.00 ,634.52 ,91.62 ,24.12 ,17.91 ,1124.63 ,0.00 ,81.82 ,341.30 ,710.66 ,17.68 ,4.15 ,2.82 ,127.20 ,0.00 ,,
16,밥류01,01-014-008,알밥,400.00 ,606.54 ,92.10 ,15.16 ,3.45 ,1647.87 ,0.00 ,68.60 ,235.40 ,510.41 ,7.40 ,3.56 ,3.30 ,39.00 ,0.00 ,,
17,밥류01,01-014-009,산채비빔밥 ,400.00 ,495.89 ,89.66 ,10.66 ,10.99 ,1060.78 ,0.52 ,63.10 ,160.29 ,509.95 ,38.81 ,3.53 ,2.05 ,0.00 ,0.00 ,,
18,밥류01,01-014-010,오므라이스,450.00 ,684.99 ,101.62 ,23.15 ,19.75 ,1123.24 ,0.00 ,81.56 ,341.26 ,788.38 ,33.71 ,4.13 ,3.67 ,605.63 ,0.00 ,,
19,밥류01,01-014-011,육회비빔밥,450.00 ,661.41 ,91.74 ,32.00 ,17.54 ,1126.60 ,2.58 ,86.38 ,404.74 ,793.74 ,33.58 ,5.97 ,6.53 ,241.65 ,0.00 ,,
20,밥류01,01-014-012,해물볶음밥,400.00 ,659.23 ,85.19 ,22.68 ,23.71 ,951.03 ,0.00 ,77.50 ,305.55 ,555.36 ,24.20 ,4.13 ,3.08 ,362.40 ,0.00 ,,
21,밥류01,01-014-013,열무비빔밥,400.00 ,445.66 ,90.03 ,12.99 ,3.16 ,718.39 ,1.72 ,91.06 ,167.96 ,708.68 ,1.29 ,3.91 ,2.65 ,12.80 ,0.00 ,,
22,밥류01,01-015-002,불고기덮밥,500.00 ,699.96 ,92.09 ,29.31 ,21.40 ,1182.88 ,5.99 ,45.77 ,328.37 ,764.50 ,30.22 ,4.25 ,8.77 ,72.00 ,0.00 ,,
23,밥류01,01-015-003,소고기국밥,700.00 ,331.71 ,54.93 ,16.04 ,4.74 ,1613.21 ,0.00 ,33.02 ,194.58 ,485.21 ,-,3.61 ,2.31 ,25.50 ,0.00 ,,
24,밥류01,01-015-004,송이덮밥,600.00 ,600.42 ,103.57 ,16.28 ,14.45 ,1578.85 ,0.00 ,91.94 ,279.96 ,1313.48 ,-,5.71 ,4.25 ,9.54 ,0.00 ,,
25,밥류01,01-015-005,오징어덮밥,500.00 ,693.98 ,83.43 ,40.59 ,20.92 ,1497.37 ,2.69 ,76.77 ,586.83 ,874.96 ,62.69 ,3.23 ,4.63 ,387.60 ,0.00 ,,
26,밥류01,01-015-006,자장밥,500.00 ,729.62 ,98.08 ,25.76 ,24.95 ,1521.85 ,4.00 ,81.91 ,297.12 ,781.93 ,32.50 ,5.70 ,5.68 ,36.00 ,0.00 ,,
27,밥류01,01-015-007,잡채밥,650.00 ,851.54 ,125.70 ,21.14 ,28.61 ,2251.34 ,4.00 ,84.11 ,287.78 ,817.08 ,32.55 ,4.83 ,5.90 ,36.00 ,0.00 ,,
28,밥류01,01-015-008,잡탕밥,750.00 ,737.23 ,100.55 ,29.02 ,22.48 ,1922.14 ,0.00 ,77.60 ,363.25 ,803.73 ,15.65 ,4.86 ,6.22 ,188.05 ,0.00 ,,
29,밥류01,01-015-009,장어덮밥,400.00 ,671.72 ,103.04 ,26.14 ,19.24 ,893.22 ,0.00 ,611.12 ,448.26 ,785.08 ,28.60 ,22.17 ,4.75 ,156.96 ,0.00 ,,
30,밥류01,01-015-010,제육덮밥,500.00 ,796.94 ,95.80 ,37.80 ,27.52 ,1375.69 ,5.40 ,46.04 ,573.70 ,624.95 ,-,6.28 ,7.17 ,108.00 ,0.00 ,,
31,밥류01,01-015-011,짬뽕밥,900.00 ,696.69 ,93.42 ,41.80 ,22.42 ,2869.54 ,0.00 ,394.17 ,667.61 ,1715.52 ,-,11.59 ,5.57 ,304.30 ,0.00 ,,
32,밥류01,01-015-012,순대국밥,900.00 ,690.35 ,34.23 ,17.34 ,16.48 ,3418.20 ,0.00 ,132.86 ,239.26 ,672.91 ,3.45 ,9.11 ,6.62 ,1480.97 ,0.00 ,,
33,밥류01,01-015-013,카레라이스,500.00 ,653.24 ,92.58 ,13.40 ,10.67 ,1108.55 ,0.00 ,27.90 ,218.24 ,525.62 ,70.18 ,1.98 ,2.66 ,13.75 ,0.00 ,,
34,밥류01,01-015-014,전주콩나물국밥,900.00 ,432.38 ,88.73 ,12.50 ,3.53 ,1753.26 ,0.00 ,76.88 ,231.65 ,525.79 ,67.79 ,2.38 ,2.37 ,2.77 ,0.00 ,,
35,밥류01,01-015-015,해물덮밥,700.00 ,837.98 ,100.11 ,51.77 ,29.00 ,2117.83 ,0.00 ,167.54 ,542.32 ,1361.77 ,34.80 ,16.63 ,5.86 ,293.87 ,0.00 ,,
36,밥류01,01-015-016,회덮밥,500.00 ,698.00 ,101.75 ,42.99 ,11.40 ,777.63 ,18.41 ,117.12 ,587.94 ,1131.35 ,6.98 ,3.90 ,2.67 ,125.59 ,0.00 ,,
37,밥류01,01-015-017,소머리국밥,1100.00 ,891.43 ,77.06 ,48.94 ,40.76 ,970.90 ,0.00 ,53.26 ,302.43 ,455.78 ,24.67 ,1.89 ,4.22 ,477.10 ,0.00 ,,
38,밥류01,01-015-018,돼지국밥,1200.00 ,811.44 ,78.28 ,56.76 ,36.45 ,1257.67 ,3.30 ,65.73 ,280.74 ,497.83 ,57.14 ,42.95 ,43.67 ,734.50 ,0.00 ,,
39,밥류01,01-015-019,하이라이스,360.00 ,477.60 ,84.59 ,7.92 ,9.67 ,991.68 ,0.00 ,5.94 ,139.95 ,251.61 ,6.60 ,0.55 ,1.51 ,8.57 ,0.00 ,,
40,밥류01,01-016-001,김치김밥,250.00 ,377.26 ,71.80 ,11.45 ,4.62 ,967.79 ,0.00 ,79.06 ,220.20 ,413.86 ,3.60 ,1.46 ,1.96 ,99.60 ,0.00 ,,
41,밥류01,01-016-002,농어초밥,250.00 ,414.78 ,74.14 ,19.93 ,2.37 ,1385.46 ,6.97 ,54.13 ,273.49 ,479.70 ,0.00 ,1.58 ,1.67 ,43.47 ,0.00 ,,
42,밥류01,01-016-003,문어초밥,250.00 ,377.97 ,71.84 ,16.90 ,1.03 ,1420.92 ,4.98 ,30.20 ,256.61 ,395.09 ,25.75 ,1.11 ,2.52 ,96.00 ,0.00 ,,
43,밥류01,01-016-004,새우초밥,250.00 ,395.54 ,69.54 ,22.74 ,1.21 ,1396.75 ,2.99 ,73.39 ,341.13 ,372.75 ,2.60 ,2.62 ,2.17 ,138.33 ,0.00 ,,
44,밥류01,01-016-005,새우튀김롤,300.00 ,572.02 ,81.50 ,21.11 ,18.90 ,1512.50 ,4.00 ,110.82 ,371.52 ,715.82 ,0.24 ,3.42 ,2.49 ,96.54 ,0.00 ,,
45,밥류01,01-016-006,샐러드김밥,250.00 ,422.43 ,75.84 ,12.76 ,7.51 ,906.68 ,0.00 ,45.66 ,226.51 ,541.33 ,13.74 ,2.15 ,2.24 ,100.53 ,0.00 ,,
46,밥류01,01-016-007,광어초밥,300.00 ,471.66 ,72.53 ,33.74 ,3.21 ,951.28 ,5.23 ,88.07 ,410.89 ,747.09 ,1.40 ,2.96 ,1.94 ,126.50 ,0.00 ,,
47,밥류01,01-016-008,소고기김밥,250.00 ,425.67 ,76.07 ,14.67 ,6.64 ,1477.98 ,0.00 ,64.33 ,236.14 ,554.00 ,12.52 ,2.27 ,2.61 ,99.87 ,0.00 ,,
48,밥류01,01-016-009,갈비삼각김밥,100.00 ,183.18 ,32.75 ,6.86 ,2.60 ,398.12 ,0.00 ,14.93 ,90.90 ,180.59 ,4.93 ,1.16 ,1.17 ,12.42 ,0.00 ,,
49,밥류01,01-016-010,연어롤 ,300.00 ,518.58 ,76.11 ,20.72 ,14.72 ,1243.82 ,0.00 ,64.97 ,359.16 ,665.56 ,23.58 ,3.83 ,2.14 ,51.73 ,0.00 ,,
50,밥류01,01-016-011,연어초밥,250.00 ,451.03 ,70.87 ,24.94 ,5.76 ,995.03 ,3.96 ,38.03 ,367.08 ,476.13 ,0.80 ,1.69 ,1.87 ,54.60 ,0.00 ,,
51,밥류01,01-016-012,유부초밥,250.00 ,463.21 ,78.47 ,12.37 ,11.23 ,929.07 ,6.77 ,120.18 ,225.59 ,291.50 ,27.28 ,2.11 ,2.14 ,0.00 ,0.00 ,,
52,밥류01,01-016-013,장어초밥,400.00 ,486.35 ,74.84 ,16.33 ,12.73 ,1291.81 ,2.06 ,132.83 ,283.27 ,500.64 ,14.55 ,2.52 ,2.39 ,130.43 ,0.00 ,,
53,밥류01,01-016-014,참치김밥,250.00 ,401.22 ,47.55 ,19.83 ,14.59 ,925.73 ,0.00 ,57.81 ,279.82 ,380.33 ,15.63 ,4.52 ,1.96 ,143.67 ,0.00 ,,
54,밥류01,01-016-015,참치마요삼각김밥,100.00 ,189.58 ,31.93 ,8.11 ,2.89 ,189.10 ,0.00 ,6.98 ,82.82 ,69.28 ,0.00 ,1.59 ,0.77 ,16.63 ,0.00 ,,
55,밥류01,01-016-017,치즈김밥 ,250.00 ,462.23 ,77.13 ,17.12 ,8.84 ,919.97 ,0.00 ,137.52 ,330.23 ,445.72 ,10.18 ,1.43 ,2.53 ,83.02 ,0.00 ,,
56,밥류01,01-016-018,캘리포니아롤,300.00 ,468.16 ,81.22 ,12.80 ,9.73 ,1351.96 ,0.00 ,106.58 ,211.89 ,271.15 ,3.06 ,4.95 ,3.08 ,28.34 ,0.00 ,,
57,밥류01,01-016-019,한치초밥,250.00 ,389.96 ,77.31 ,13.54 ,1.20 ,1153.49 ,1.74 ,19.98 ,222.63 ,182.25 ,1.65 ,1.86 ,2.54 ,0.75 ,0.00 ,,
58,밥류01,01-016-020,일반김밥,200.00 ,348.87 ,63.64 ,10.28 ,5.42 ,951.32 ,0.00 ,41.45 ,159.43 ,355.38 ,3.24 ,3.40 ,1.91 ,69.12 ,0.00 ,,
59,면류02,02-011-001,간자장,650.00 ,807.74 ,121.75 ,29.28 ,26.38 ,2347.77 ,6.79 ,124.35 ,308.09 ,607.18 ,21.25 ,7.06 ,2.61 ,19.43 ,0.00 ,,
60,면류02,02-011-002,굴짬뽕,900.00 ,640.77 ,115.82 ,37.39 ,7.76 ,2385.35 ,2.00 ,196.77 ,506.60 ,1371.89 ,48.86 ,14.28 ,10.34 ,178.20 ,0.00 ,,
61,면류02,02-011-003,기스면,1000.00 ,645.61 ,98.30 ,43.52 ,11.00 ,2279.52 ,0.00 ,270.98 ,443.37 ,862.72 ,11.60 ,12.27 ,3.13 ,341.10 ,0.00 ,,
62,면류02,02-011-004,김치라면,650.00 ,512.26 ,80.57 ,12.97 ,20.34 ,2628.29 ,2.27 ,62.70 ,166.94 ,652.67 ,1.50 ,1.82 ,1.30 ,15.41 ,0.00 ,,
63,면류02,02-011-005,김치우동,800.00 ,512.71 ,99.06 ,16.74 ,4.74 ,3003.05 ,0.00 ,247.86 ,233.55 ,725.53 ,11.20 ,4.14 ,1.76 ,33.44 ,0.00 ,,
64,면류02,02-011-006,김치말이국수,600.00 ,310.38 ,60.76 ,10.42 ,2.47 ,2335.45 ,3.00 ,105.79 ,191.00 ,453.96 ,-,2.43 ,1.43 ,22.23 ,0.00 ,,
65,면류02,02-011-007,닭칼국수,900.00 ,643.10 ,70.24 ,39.86 ,19.59 ,2492.77 ,0.00 ,110.16 ,285.97 ,913.48 ,5.78 ,2.45 ,1.64 ,113.77 ,0.00 ,,
66,면류02,02-011-008,들깨칼국수,600.00 ,442.32 ,76.67 ,17.48 ,6.78 ,1695.77 ,2.40 ,176.47 ,217.32 ,693.31 ,0.00 ,2.45 ,1.08 ,16.72 ,0.00 ,,
67,면류02,02-011-009,떡라면,700.00 ,672.18 ,121.08 ,15.45 ,17.58 ,2214.36 ,0.00 ,30.33 ,2376.04 ,362.51 ,0.52 ,1.59 ,1.35 ,2.34 ,0.00 ,,
68,면류02,02-011-010,라면,550.00 ,509.33 ,83.17 ,14.08 ,17.75 ,1695.50 ,0.00 ,32.99 ,145.28 ,374.07 ,0.97 ,1.23 ,1.19 ,2.34 ,0.00 ,,
69,면류02,02-011-011,막국수,550.00 ,566.89 ,111.30 ,26.95 ,5.09 ,1828.02 ,11.02 ,68.90 ,286.78 ,894.77 ,19.55 ,3.93 ,5.23 ,37.10 ,0.00 ,,
70,면류02,02-011-012,메밀국수,600.00 ,588.68 ,120.09 ,25.26 ,4.53 ,1962.46 ,10.16 ,76.06 ,224.96 ,629.12 ,11.48 ,3.21 ,4.64 ,35.98 ,0.00 ,,
71,면류02,02-011-013,물냉면,800.00 ,579.71 ,96.40 ,28.78 ,9.78 ,2586.16 ,1.20 ,87.74 ,422.72 ,1042.89 ,16.39 ,7.77 ,5.69 ,178.23 ,0.00 ,,
72,면류02,02-011-014,비빔국수,550.00 ,577.17 ,114.48 ,16.71 ,9.55 ,1628.30 ,11.02 ,130.69 ,262.58 ,1389.40 ,7.55 ,6.27 ,2.59 ,0.00 ,0.00 ,,
73,면류02,02-011-015,비빔냉면,550.00 ,594.31 ,91.49 ,23.70 ,9.13 ,1530.57 ,2.00 ,64.99 ,1186.30 ,298.62 ,12.31 ,6.43 ,4.63 ,31.73 ,0.00 ,,
74,면류02,02-011-016,삼선우동,1000.00 ,692.26 ,89.20 ,56.17 ,10.53 ,2351.43 ,2.00 ,216.64 ,687.99 ,1528.00 ,68.74 ,11.29 ,5.47 ,640.68 ,0.00 ,,
75,면류02,02-011-017,삼선자장면,700.00 ,787.84 ,111.57 ,38.33 ,24.68 ,2791.11 ,2.00 ,143.37 ,493.95 ,850.27 ,41.70 ,6.67 ,3.56 ,162.24 ,0.00 ,,
76,면류02,02-011-018,삼선짬뽕,900.00 ,629.10 ,89.31 ,39.17 ,13.45 ,2825.66 ,3.00 ,172.14 ,509.60 ,1501.78 ,-,9.82 ,4.37 ,249.30 ,0.00 ,,
77,면류02,02-011-019,수제비,800.00 ,622.15 ,99.22 ,38.53 ,6.54 ,1669.32 ,0.00 ,1054.84 ,907.28 ,1892.55 ,46.05 ,11.10 ,4.71 ,209.00 ,0.00 ,,
78,면류02,02-011-020,쌀국수,600.00 ,321.34 ,46.20 ,21.85 ,5.81 ,2032.17 ,2.20 ,45.02 ,184.22 ,360.69 ,48.04 ,3.21 ,4.89 ,123.03 ,0.00 ,,
79,면류02,02-011-021,열무김치국수,800.00 ,488.32 ,81.61 ,21.94 ,8.22 ,2587.70 ,0.00 ,341.36 ,295.98 ,1125.83 ,1.15 ,4.45 ,1.73 ,45.14 ,0.00 ,,
80,면류02,02-011-023,오일소스스파게티,400.00 ,626.59 ,99.24 ,14.68 ,16.59 ,968.70 ,0.00 ,37.37 ,52.56 ,218.39 ,0.00 ,3.01 ,2.35 ,0.00 ,0.00 ,,
81,면류02,02-011-024,일식우동,700.00 ,420.79 ,81.23 ,16.94 ,1.74 ,1873.54 ,0.50 ,88.55 ,155.03 ,371.35 ,9.34 ,3.17 ,0.71 ,16.20 ,0.00 ,,
82,면류02,02-011-025,볶음우동,300.00 ,377.92 ,62.26 ,9.59 ,10.81 ,1461.31 ,0.91 ,50.25 ,93.80 ,637.56 ,5.73 ,2.07 ,1.02 ,0.00 ,0.00 ,,
83,면류02,02-011-027,자장면,650.00 ,760.88 ,134.29 ,15.74 ,23.16 ,2447.00 ,7.99 ,166.70 ,302.56 ,1013.84 ,37.46 ,5.33 ,1.41 ,3.08 ,0.00 ,,
84,면류02,02-011-028,잔치국수,700.00 ,564.23 ,104.67 ,20.26 ,6.23 ,1792.23 ,0.44 ,250.38 ,277.30 ,904.12 ,3.55 ,3.77 ,1.90 ,167.41 ,0.00 ,,
85,면류02,02-011-029,짬뽕,1000.00 ,650.31 ,118.54 ,25.53 ,13.53 ,3451.37 ,0.00 ,82.74 ,320.60 ,857.44 ,32.80 ,4.61 ,3.56 ,105.23 ,0.00 ,,
86,면류02,02-011-030,짬뽕라면,750.00 ,633.34 ,88.79 ,31.41 ,24.63 ,2380.93 ,0.00 ,127.96 ,393.28 ,1279.06 ,-,11.16 ,3.84 ,85.28 ,0.00 ,,
87,면류02,02-011-031,쫄면,450.00 ,622.42 ,110.85 ,12.36 ,6.93 ,1271.55 ,22.13 ,140.03 ,304.89 ,547.14 ,19.64 ,4.19 ,1.46 ,0.00 ,0.00 ,,
88,면류02,02-011-032,치즈라면,600.00 ,598.67 ,83.53 ,23.35 ,23.28 ,2425.97 ,0.00 ,152.41 ,367.79 ,652.33 ,-,3.06 ,2.99 ,302.20 ,0.00 ,,
89,면류02,02-011-033,콩국수,800.00 ,623.50 ,67.12 ,47.80 ,20.43 ,875.84 ,1.00 ,227.94 ,591.06 ,1343.71 ,0.00 ,8.58 ,5.33 ,0.00 ,0.00 ,,
90,면류02,02-011-034,크림소스스파게티,400.00 ,825.06 ,85.88 ,19.44 ,45.40 ,1025.21 ,0.00 ,233.33 ,333.99 ,916.21 ,-,3.26 ,2.55 ,140.15 ,0.00 ,,
91,면류02,02-011-035,토마토소스스파게티,500.00 ,642.18 ,102.07 ,20.22 ,17.37 ,1404.81 ,0.00 ,97.18 ,220.69 ,1651.30 ,-,5.09 ,3.39 ,12.65 ,0.00 ,,
92,면류02,02-011-036,해물칼국수,900.00 ,621.20 ,124.21 ,24.87 ,4.01 ,2195.05 ,0.00 ,150.05 ,332.51 ,887.22 ,-,10.54 ,2.12 ,156.77 ,0.00 ,,
93,면류02,02-011-037,회냉면,550.00 ,638.90 ,131.90 ,20.22 ,8.78 ,1524.28 ,22.73 ,122.05 ,306.79 ,1374.15 ,-,6.09 ,3.14 ,92.90 ,0.00 ,,
94,면류02,02-011-038,떡국,800.00 ,714.99 ,144.03 ,21.86 ,5.39 ,2019.28 ,0.00 ,222.52 ,362.35 ,610.40 ,-,4.52 ,4.13 ,90.80 ,0.00 ,,
95,면류02,02-011-039,떡만둣국,700.00 ,625.35 ,113.96 ,22.72 ,9.40 ,1999.12 ,0.00 ,150.65 ,289.74 ,949.86 ,-,3.76 ,3.24 ,298.81 ,0.00 ,,
96,면류02,02-011-040,짜장라면,250.00 ,409.38 ,63.78 ,12.01 ,14.85 ,1276.38 ,0.00 ,63.63 ,166.00 ,490.25 ,-,1.63 ,0.84 ,1.50 ,0.00 ,,
97,면류02,02-012-001,고기만두,250.00 ,454.39 ,55.33 ,18.66 ,18.25 ,888.80 ,0.00 ,121.64 ,234.64 ,767.34 ,-,4.19 ,3.09 ,21.00 ,0.00 ,,
98,면류02,02-012-002,군만두,250.00 ,684.42 ,76.17 ,19.77 ,31.18 ,983.70 ,0.00 ,53.38 ,281.62 ,595.03 ,-,4.85 ,2.66 ,36.00 ,0.00 ,,
99,면류02,02-012-003,김치만두,250.00 ,424.64 ,60.79 ,18.43 ,13.10 ,961.97 ,0.00 ,91.73 ,271.18 ,1181.77 ,-,5.54 ,2.82 ,20.28 ,0.00 ,,
100,면류02,02-012-004,물만두,120.00 ,158.05 ,20.48 ,5.86 ,5.84 ,269.52 ,0.00 ,27.60 ,81.86 ,259.71 ,-,1.42 ,0.79 ,7.59 ,0.00 ,,
101,면류02,02-012-005,만둣국,700.00 ,432.62 ,53.28 ,19.24 ,14.92 ,2356.67 ,0.00 ,163.29 ,300.75 ,1202.84 ,-,5.03 ,2.14 ,94.22 ,0.00 ,,
102,죽류03,03-011-001,게살죽,800.00 ,554.24 ,103.59 ,18.15 ,7.63 ,1533.96 ,0.00 ,160.00 ,235.91 ,857.06 ,-,7.49 ,3.30 ,40.87 ,0.00 ,,
103,죽류03,03-011-002,깨죽,800.00 ,505.68 ,71.13 ,13.43 ,18.94 ,1212.27 ,0.00 ,407.88 ,262.36 ,186.59 ,-,6.32 ,5.07 ,0.00 ,0.00 ,,
104,죽류03,03-011-003,닭죽,1000.00 ,1181.71 ,92.53 ,75.93 ,48.18 ,789.79 ,0.00 ,116.55 ,584.82 ,1290.97 ,-,9.84 ,5.55 ,271.44 ,0.00 ,,
105,죽류03,03-011-004,소고기버섯죽,800.00 ,573.24 ,102.93 ,20.52 ,6.46 ,1263.62 ,0.00 ,31.25 ,288.76 ,504.51 ,-,2.20 ,4.33 ,29.32 ,0.00 ,,
106,죽류03,03-011-005,어죽,800.00 ,559.27 ,90.47 ,15.53 ,6.08 ,1621.29 ,0.00 ,368.79 ,369.06 ,450.21 ,-,4.83 ,3.13 ,75.77 ,0.00 ,,
107,죽류03,03-011-006,잣죽,700.00 ,872.61 ,153.79 ,15.79 ,20.29 ,850.63 ,0.00 ,15.33 ,196.78 ,296.54 ,-,4.23 ,4.52 ,0.00 ,0.00 ,,
108,죽류03,03-011-007,전복죽,800.00 ,587.29 ,105.04 ,14.57 ,11.45 ,1423.93 ,0.00 ,75.23 ,269.71 ,405.90 ,-,2.32 ,2.53 ,45.15 ,0.00 ,,
109,죽류03,03-011-008,참치죽,800.00 ,658.46 ,105.94 ,26.08 ,13.85 ,1264.15 ,0.00 ,63.78 ,341.28 ,851.65 ,-,4.98 ,2.54 ,40.76 ,0.00 ,,
110,죽류03,03-011-009,채소죽,800.00 ,514.83 ,100.80 ,11.89 ,5.13 ,1211.63 ,0.00 ,227.26 ,290.18 ,1377.63 ,-,2.73 ,2.51 ,24.29 ,0.00 ,,
111,죽류03,03-011-010,팥죽,600.00 ,482.65 ,100.74 ,20.59 ,0.56 ,1026.11 ,4.79 ,91.00 ,76.74 ,940.82 ,-,6.03 ,5.15 ,0.00 ,0.00 ,,
112,죽류03,03-011-011,호박죽,600.00 ,430.33 ,111.41 ,8.11 ,0.72 ,911.72 ,25.78 ,18.17 ,165.36 ,1858.90 ,-,1.98 ,2.58 ,0.00 ,0.00 ,,
113,죽류03,03-012-001,콘스프,400.00 ,280.48 ,35.37 ,5.82 ,14.02 ,1319.46 ,0.00 ,-,-,-,-,-,-,40.71 ,0.00 ,,
114,죽류03,03-012-002,토마토스프,400.00 ,382.41 ,12.42 ,18.20 ,25.40 ,1544.31 ,0.00 ,-,-,-,-,-,-,70.80 ,0.00 ,,
115,국찌개류04,04-011-001,굴국,450.00 ,194.42 ,11.44 ,22.80 ,8.65 ,1775.97 ,0.00 ,270.97 ,400.97 ,759.15 ,-,5.72 ,13.61 ,45.00 ,0.00 ,,
116,국찌개류04,04-011-002,김치국,450.00 ,86.00 ,13.01 ,6.03 ,3.38 ,1646.15 ,0.00 ,111.35 ,144.88 ,580.19 ,-,1.92 ,1.17 ,0.00 ,0.00 ,,
117,국찌개류04,04-011-003,달걀국,450.00 ,193.04 ,5.35 ,16.19 ,11.11 ,1263.96 ,0.00 ,65.75 ,225.20 ,229.57 ,-,2.08 ,1.81 ,641.25 ,0.00 ,,
118,국찌개류04,04-011-004,감자국,700.00 ,220.07 ,37.01 ,17.00 ,2.16 ,1734.15 ,0.00 ,466.58 ,462.60 ,1855.32 ,-,5.33 ,2.70 ,87.78 ,0.00 ,,
119,국찌개류04,04-011-005,미역국,500.00 ,50.17 ,4.70 ,2.70 ,4.35 ,1527.55 ,0.00 ,112.70 ,43.92 ,658.72 ,-,1.11 ,0.45 ,0.00 ,0.00 ,,
120,국찌개류04,04-011-006,바지락조개국,550.00 ,159.25 ,8.51 ,25.83 ,1.84 ,1650.85 ,0.00 ,168.95 ,388.49 ,580.06 ,-,29.46 ,2.30 ,145.20 ,0.00 ,,
121,국찌개류04,04-011-007,소고기무국,400.00 ,125.22 ,8.14 ,13.51 ,4.72 ,1095.18 ,0.00 ,60.64 ,131.53 ,662.83 ,-,3.99 ,1.71 ,28.56 ,0.00 ,,
122,국찌개류04,04-011-008,소고기미역국,650.00 ,154.93 ,6.91 ,20.23 ,6.83 ,2006.88 ,0.00 ,123.38 ,207.13 ,912.73 ,-,3.57 ,6.06 ,41.34 ,0.00 ,,
123,국찌개류04,04-011-010,순대국,800.00 ,550.66 ,22.82 ,41.22 ,32.94 ,1532.59 ,0.00 ,125.03 ,208.53 ,592.34 ,-,10.79 ,4.42 ,774.77 ,0.00 ,,
124,국찌개류04,04-011-011,어묵국,600.00 ,252.09 ,37.16 ,22.85 ,4.21 ,2022.74 ,0.00 ,599.25 ,468.04 ,1696.27 ,-,6.77 ,2.77 ,100.37 ,0.00 ,,
125,국찌개류04,04-011-012,오징어국,500.00 ,169.04 ,10.60 ,27.74 ,2.36 ,1573.42 ,0.00 ,81.87 ,409.10 ,810.71 ,-,2.35 ,2.75 ,296.40 ,0.00 ,,
126,국찌개류04,04-011-013,토란국,250.00 ,462.97 ,85.16 ,23.89 ,7.07 ,700.67 ,0.00 ,318.35 ,465.37 ,2625.19 ,-,5.65 ,2.69 ,37.73 ,0.00 ,,
127,국찌개류04,04-011-014,탕국,250.00 ,94.24 ,2.58 ,12.08 ,4.32 ,663.05 ,0.00 ,286.05 ,220.64 ,250.61 ,-,3.60 ,1.27 ,35.48 ,0.00 ,,
128,국찌개류04,04-011-015,홍합미역국,650.00 ,168.88 ,14.13 ,19.99 ,6.43 ,2066.27 ,0.00 ,289.38 ,226.28 ,1549.68 ,-,11.10 ,3.01 ,79.63 ,0.00 ,,
129,국찌개류04,04-011-016,황태해장국,600.00 ,184.22 ,6.39 ,25.21 ,7.22 ,1526.82 ,0.00 ,156.40 ,314.21 ,661.33 ,-,2.19 ,1.00 ,91.61 ,0.00 ,,
130,국찌개류04,04-012-001,근대된장국,450.00 ,109.26 ,8.14 ,15.31 ,3.21 ,1453.19 ,0.00 ,621.10 ,436.37 ,1211.00 ,-,6.12 ,2.37 ,112.86 ,0.00 ,,
131,국찌개류04,04-012-002,미소된장국,150.00 ,37.97 ,1.70 ,4.14 ,1.75 ,511.98 ,0.00 ,98.58 ,88.75 ,156.73 ,-,1.38 ,0.54 ,15.68 ,0.00 ,,
132,국찌개류04,04-012-003,배추된장국,700.00 ,121.53 ,11.04 ,13.96 ,3.63 ,2321.48 ,0.00 ,103.80 ,172.07 ,771.84 ,-,3.53 ,4.54 ,25.97 ,0.00 ,,
133,국찌개류04,04-012-004,뼈다귀해장국 ,1000.00 ,715.98 ,29.71 ,53.63 ,45.37 ,3093.60 ,0.00 ,239.71 ,412.34 ,1676.56 ,-,5.57 ,5.22 ,216.24 ,0.00 ,,
134,국찌개류04,04-012-005,선지(해장)국,1000.00 ,314.42 ,22.29 ,48.10 ,5.03 ,3053.19 ,0.00 ,84.31 ,105.25 ,684.10 ,-,106.24 ,13.76 ,149.60 ,0.00 ,,
135,국찌개류04,04-012-006,콩나물국,400.00 ,22.53 ,1.26 ,1.82 ,1.42 ,752.43 ,0.00 ,33.49 ,44.86 ,82.80 ,8.52 ,0.48 ,0.25 ,7.41 ,0.00 ,,
136,국찌개류04,04-012-007,시금치된장국,400.00 ,121.45 ,9.90 ,16.69 ,3.39 ,1381.25 ,0.00 ,624.97 ,444.76 ,1324.58 ,-,7.28 ,2.60 ,117.04 ,0.00 ,,
137,국찌개류04,04-012-008,시래기된장국,450.00 ,99.12 ,10.68 ,10.02 ,2.54 ,1535.63 ,0.00 ,392.83 ,223.42 ,484.55 ,-,4.40 ,1.98 ,37.62 ,0.00 ,,
138,국찌개류04,04-012-009,쑥된장국,450.00 ,117.32 ,17.17 ,13.21 ,2.55 ,1799.60 ,0.00 ,502.74 ,317.04 ,1434.72 ,-,5.95 ,1.83 ,68.97 ,0.00 ,,
139,국찌개류04,04-012-010,아욱된장국,450.00 ,103.53 ,9.96 ,12.00 ,2.94 ,1462.13 ,0.00 ,292.99 ,262.60 ,850.83 ,-,4.14 ,1.82 ,37.62 ,0.00 ,,
140,국찌개류04,04-012-011,우거지된장국,450.00 ,85.97 ,13.72 ,6.44 ,1.81 ,1593.99 ,0.00 ,89.30 ,122.06 ,611.84 ,-,1.51 ,1.44 ,0.00 ,0.00 ,,
141,국찌개류04,04-012-012,우거지해장국,600.00 ,158.50 ,14.86 ,14.19 ,5.73 ,1972.09 ,0.00 ,103.79 ,237.17 ,664.72 ,-,3.24 ,2.45 ,13.26 ,0.00 ,,
142,국찌개류04,04-012-013,우렁된장국,500.00 ,245.28 ,21.19 ,24.72 ,7.05 ,2150.43 ,0.00 ,2105.30 ,270.93 ,745.05 ,-,11.11 ,5.04 ,22.95 ,0.00 ,,
143,국찌개류04,04-013-002,갈비탕,600.00 ,240.40 ,8.21 ,18.67 ,14.33 ,1688.43 ,0.00 ,55.31 ,204.57 ,556.91 ,-,2.64 ,4.06 ,189.84 ,0.00 ,,
144,국찌개류04,04-013-003,감자탕,900.00 ,963.71 ,49.64 ,60.55 ,58.28 ,2439.38 ,0.90 ,628.48 ,767.84 ,2414.90 ,-,6.69 ,8.08 ,143.69 ,0.00 ,,
145,국찌개류04,04-013-004,곰탕,300.00 ,181.42 ,15.50 ,16.59 ,5.44 ,713.64 ,0.00 ,43.10 ,148.34 ,425.65 ,-,3.89 ,1.97 ,33.66 ,0.00 ,,
146,국찌개류04,04-013-005,매운탕,600.00 ,402.79 ,18.83 ,37.16 ,21.56 ,2130.95 ,1.55 ,118.30 ,437.09 ,1522.50 ,-,3.33 ,2.62 ,148.77 ,0.00 ,,
147,국찌개류04,04-013-006,꼬리곰탕,700.00 ,750.69 ,10.93 ,54.87 ,52.80 ,764.73 ,0.00 ,96.77 ,552.81 ,817.96 ,-,6.39 ,12.24 ,361.23 ,0.00 ,,
148,국찌개류04,04-013-007,꽃게탕,600.00 ,240.65 ,20.77 ,31.70 ,5.49 ,2268.86 ,0.00 ,273.97 ,443.04 ,1369.60 ,-,8.64 ,8.32 ,207.90 ,0.00 ,,
149,국찌개류04,04-013-008,낙지탕,600.00 ,186.10 ,11.77 ,29.21 ,2.73 ,1711.12 ,0.00 ,102.32 ,375.39 ,910.30 ,-,3.26 ,4.49 ,249.60 ,0.00 ,,
150,국찌개류04,04-013-009,내장탕,700.00 ,549.81 ,13.70 ,56.97 ,31.51 ,2383.07 ,0.00 ,268.48 ,559.43 ,1241.55 ,-,12.92 ,14.23 ,467.04 ,0.00 ,,
151,국찌개류04,04-013-010,닭곰탕,650.00 ,527.70 ,15.39 ,58.88 ,24.14 ,1005.19 ,0.00 ,119.61 ,757.38 ,1691.63 ,-,11.65 ,6.83 ,230.49 ,0.00 ,,
152,국찌개류04,04-013-011,닭볶음탕,300.00 ,371.81 ,19.17 ,33.85 ,17.32 ,1030.46 ,2.02 ,39.84 ,352.90 ,638.99 ,-,2.74 ,4.17 ,119.25 ,0.00 ,,
153,국찌개류04,04-013-012,지리탕,600.00 ,260.59 ,10.52 ,38.34 ,8.36 ,1685.16 ,0.00 ,199.84 ,475.82 ,1581.45 ,-,2.58 ,1.87 ,154.15 ,0.00 ,,
154,국찌개류04,04-013-013,도가니탕,800.00 ,563.65 ,5.58 ,54.60 ,34.77 ,599.27 ,0.00 ,59.71 ,506.07 ,725.61 ,-,5.44 ,13.28 ,192.64 ,0.00 ,,
155,국찌개류04,04-013-014,삼계탕,1000.00 ,881.32 ,44.08 ,76.65 ,40.57 ,1211.32 ,0.00 ,58.97 ,742.37 ,439.92 ,-,5.27 ,9.61 ,285.00 ,0.00 ,,
156,국찌개류04,04-013-015,설렁탕,600.00 ,422.76 ,10.94 ,52.71 ,18.20 ,725.16 ,0.00 ,86.91 ,449.85 ,432.48 ,-,4.10 ,22.22 ,219.36 ,0.00 ,,
157,국찌개류04,04-013-017,알탕,700.00 ,424.13 ,49.52 ,49.21 ,6.98 ,2393.29 ,14.85 ,114.43 ,790.97 ,1469.80 ,-,7.34 ,3.95 ,610.80 ,0.00 ,,
158,국찌개류04,04-013-018,연포탕,1000.00 ,541.19 ,21.64 ,91.65 ,9.20 ,2307.07 ,0.00 ,366.68 ,1171.55 ,2367.60 ,-,33.14 ,10.65 ,844.00 ,0.00 ,,
159,국찌개류04,04-013-019,오리탕,600.00 ,480.82 ,24.16 ,43.21 ,21.64 ,1849.93 ,1.03 ,89.10 ,478.58 ,810.86 ,-,7.43 ,5.20 ,161.70 ,0.00 ,,
160,국찌개류04,04-013-020,추어탕,700.00 ,338.67 ,24.42 ,37.37 ,11.51 ,2077.15 ,1.81 ,1598.50 ,975.90 ,906.87 ,-,24.70 ,6.80 ,298.48 ,0.00 ,,
161,국찌개류04,04-013-021,해물탕,600.00 ,272.26 ,19.58 ,41.74 ,3.38 ,2071.99 ,1.55 ,233.74 ,554.88 ,1218.54 ,-,8.02 ,7.88 ,350.22 ,0.00 ,,
162,국찌개류04,04-013-022,닭개장,700.00 ,317.07 ,19.18 ,33.74 ,14.95 ,1786.03 ,0.00 ,87.85 ,388.18 ,1057.87 ,-,5.37 ,4.73 ,96.90 ,0.00 ,,
163,국찌개류04,04-013-023,육개장,440.00 ,137.86 ,11.62 ,13.44 ,5.87 ,1112.78 ,0.00 ,61.90 ,145.84 ,719.33 ,-,4.13 ,2.05 ,24.23 ,0.00 ,,
164,국찌개류04,04-013-024,뼈해장국,1000.00 ,692.93 ,25.42 ,67.92 ,37.16 ,3192.46 ,0.00 ,564.57 ,609.13 ,1299.07 ,-,33.51 ,13.37 ,634.20 ,0.00 ,,
165,국찌개류04,04-014-001,미역오이냉국,450.00 ,77.35 ,19.74 ,5.61 ,1.35 ,1483.60 ,8.99 ,214.70 ,209.88 ,1520.12 ,-,2.77 ,1.22 ,0.00 ,0.00 ,,
166,국찌개류04,04-015-001,고등어찌개,600.00 ,605.31 ,32.03 ,59.16 ,28.20 ,2599.71 ,0.00 ,185.01 ,768.30 ,2013.06 ,-,8.45 ,4.23 ,206.64 ,0.00 ,,
167,국찌개류04,04-015-002,꽁치찌개,300.00 ,356.63 ,14.48 ,29.51 ,20.69 ,1296.33 ,0.72 ,111.69 ,388.58 ,705.67 ,-,4.25 ,1.82 ,84.48 ,0.00 ,,
168,국찌개류04,04-015-003,동태찌개,800.00 ,369.69 ,18.94 ,59.57 ,7.80 ,2487.54 ,1.38 ,262.75 ,789.14 ,1573.10 ,-,4.74 ,2.39 ,292.66 ,0.00 ,,
169,국찌개류04,04-016-001,부대찌개,600.00 ,525.98 ,46.81 ,27.71 ,28.48 ,2689.19 ,0.00 ,140.65 ,344.39 ,880.56 ,-,4.05 ,3.91 ,42.96 ,0.00 ,,
170,국찌개류04,04-017-001,된장찌개,400.00 ,147.06 ,15.98 ,11.71 ,5.27 ,2021.78 ,0.00 ,112.69 ,194.76 ,429.75 ,-,1.93 ,1.62 ,0.00 ,0.00 ,,
171,국찌개류04,04-017-002,청국장찌개,400.00 ,275.46 ,14.97 ,25.84 ,14.43 ,1839.75 ,0.00 ,180.64 ,423.48 ,947.12 ,-,4.94 ,4.38 ,36.00 ,0.00 ,,
172,국찌개류04,04-018-001,두부전골,500.00 ,315.11 ,16.20 ,29.15 ,19.15 ,1651.53 ,0.86 ,365.91 ,441.10 ,807.05 ,-,6.07 ,3.35 ,0.00 ,0.00 ,,
173,국찌개류04,04-018-002,곱창전골,600.00 ,532.65 ,26.89 ,38.35 ,34.73 ,1750.42 ,0.00 ,331.71 ,536.76 ,1145.13 ,-,8.70 ,5.29 ,230.70 ,0.00 ,,
174,국찌개류04,04-018-003,소고기전골,300.00 ,203.22 ,16.55 ,19.47 ,7.54 ,1090.15 ,0.00 ,117.80 ,242.39 ,690.67 ,-,4.07 ,5.31 ,31.80 ,0.00 ,,
175,국찌개류04,04-018-004,국수전골,400.00 ,643.16 ,66.93 ,45.29 ,22.39 ,1524.63 ,4.00 ,81.60 ,392.16 ,1539.30 ,-,10.98 ,5.10 ,81.60 ,0.00 ,,
176,국찌개류04,04-019-001,돼지고기김치찌개,400.00 ,246.29 ,9.33 ,15.50 ,18.26 ,1961.48 ,0.00 ,136.71 ,235.53 ,725.94 ,-,2.48 ,2.14 ,25.30 ,0.00 ,,
177,국찌개류04,04-019-002,버섯찌개,400.00 ,171.86 ,15.26 ,16.64 ,7.52 ,1267.81 ,0.00 ,165.60 ,283.02 ,735.96 ,-,3.95 ,2.38 ,0.00 ,0.00 ,,
178,국찌개류04,04-019-003,참치김치찌개,400.00 ,193.58 ,13.33 ,16.86 ,10.89 ,2604.45 ,0.00 ,200.50 ,283.60 ,795.12 ,-,4.38 ,1.72 ,35.44 ,0.00 ,,
179,국찌개류04,04-019-004,순두부찌개,400.00 ,198.47 ,8.78 ,14.72 ,14.03 ,1331.31 ,0.00 ,135.17 ,218.60 ,547.85 ,-,2.81 ,1.56 ,6.60 ,0.00 ,,
180,국찌개류04,04-019-005,콩비지찌개,400.00 ,248.66 ,24.52 ,15.96 ,12.81 ,1206.33 ,0.00 ,136.41 ,146.02 ,496.65 ,-,5.05 ,1.89 ,27.06 ,0.00 ,,
181,국찌개류04,04-019-006,햄김치찌개,300.00 ,190.47 ,15.44 ,11.63 ,10.68 ,1527.82 ,0.00 ,116.53 ,220.24 ,482.93 ,-,2.14 ,1.64 ,23.37 ,0.00 ,,
182,국찌개류04,04-019-007,호박찌개,300.00 ,98.30 ,12.74 ,7.78 ,2.34 ,1028.15 ,2.06 ,194.84 ,234.99 ,652.01 ,-,3.28 ,0.91 ,59.28 ,0.00 ,,
183,국찌개류04,04-019-008,고추장찌개,500.00 ,263.44 ,20.08 ,25.62 ,12.35 ,935.15 ,0.00 ,498.01 ,494.09 ,863.40 ,-,5.95 ,3.21 ,48.15 ,0.00 ,,
184,찜류05,05-011-001,대구찜,500.00 ,372.68 ,26.43 ,54.08 ,8.43 ,1888.04 ,0.00 ,223.85 ,660.75 ,1899.74 ,-,4.99 ,2.83 ,196.35 ,0.00 ,,
185,찜류05,05-011-002,도미찜,100.00 ,126.31 ,0.76 ,21.01 ,3.68 ,882.04 ,0.00 ,41.55 ,274.14 ,420.22 ,3.24 ,1.10 ,0.79 ,191.25 ,0.00 ,,
186,찜류05,05-011-004,문어숙회,80.00 ,67.49 ,0.18 ,14.14 ,0.73 ,222.83 ,0.00 ,28.32 ,171.46 ,273.75 ,-,0.91 ,1.46 ,116.74 ,0.00 ,,
187,찜류05,05-011-008,아귀찜,400.00 ,310.70 ,17.59 ,48.85 ,6.68 ,1463.31 ,0.00 ,161.73 ,619.16 ,1467.53 ,-,11.42 ,3.75 ,187.42 ,0.00 ,,
188,찜류05,05-011-010,조기찜,100.00 ,185.25 ,1.81 ,22.27 ,9.20 ,631.89 ,0.34 ,45.63 ,214.85 ,471.25 ,0.73 ,1.19 ,1.01 ,105.74 ,0.00 ,,
189,찜류05,05-011-011,참꼬막,80.00 ,89.77 ,4.92 ,12.98 ,2.17 ,400.23 ,1.60 ,101.70 ,212.15 ,329.75 ,-,6.13 ,2.17 ,46.99 ,0.00 ,,
190,찜류05,05-011-012,해물찜,500.00 ,397.38 ,36.02 ,50.28 ,8.94 ,2213.44 ,0.00 ,264.59 ,657.53 ,1440.41 ,-,16.39 ,5.54 ,323.98 ,0.00 ,,
191,찜류05,05-012-001,소갈비찜,250.00 ,500.45 ,11.31 ,42.55 ,29.17 ,768.42 ,0.00 ,22.99 ,385.49 ,749.09 ,-,3.65 ,9.21 ,141.83 ,0.00 ,,
192,찜류05,05-012-002,돼지갈비찜,170.10 ,249.70 ,8.82 ,20.57 ,14.42 ,946.68 ,1.76 ,30.95 ,243.75 ,391.57 ,-,1.10 ,2.69 ,70.38 ,0.00 ,,
193,찜류05,05-012-003,돼지고기수육,300.00 ,1218.19 ,8.69 ,61.47 ,99.52 ,389.53 ,0.00 ,66.90 ,483.60 ,769.52 ,-,3.65 ,8.62 ,191.40 ,0.00 ,,
194,찜류05,05-012-004,찜닭,1500.00 ,1358.38 ,140.64 ,114.90 ,36.54 ,5290.09 ,57.52 ,232.94 ,703.36 ,2290.16 ,-,9.75 ,7.53 ,341.64 ,0.00 ,,
195,찜류05,05-012-005,족발,150.00 ,381.57 ,32.30 ,26.02 ,16.62 ,839.14 ,0.00 ,38.29 ,165.47 ,338.54 ,-,2.69 ,1.58 ,98.00 ,0.00 ,,
196,찜류05,05-013-001,달걀찜,250.00 ,190.00 ,4.81 ,16.20 ,10.91 ,860.32 ,0.00 ,89.25 ,230.18 ,229.57 ,-,2.07 ,1.81 ,634.57 ,0.00 ,,
197,구이류06,06-012-001,닭갈비,300.00 ,562.10 ,24.54 ,52.30 ,28.89 ,975.55 ,3.51 ,99.26 ,502.20 ,1087.68 ,-,4.17 ,5.68 ,224.10 ,0.00 ,,
198,구이류06,06-012-002,닭꼬치,70.00 ,177.51 ,12.90 ,12.35 ,7.90 ,287.26 ,8.58 ,8.75 ,106.80 ,169.41 ,-,0.75 ,1.27 ,47.60 ,0.00 ,,
199,구이류06,06-012-003,돼지갈비,100.00 ,248.52 ,7.60 ,19.95 ,14.70 ,344.89 ,5.01 ,19.73 ,219.00 ,281.22 ,-,0.69 ,2.59 ,72.04 ,0.00 ,,
200,구이류06,06-012-004,떡갈비,250.00 ,762.99 ,26.61 ,43.09 ,51.58 ,838.84 ,12.49 ,26.18 ,411.76 ,915.68 ,-,3.26 ,8.66 ,157.50 ,0.00 ,,
201,구이류06,06-012-005,불고기,150.00 ,386.79 ,13.05 ,32.90 ,21.78 ,632.54 ,1.10 ,62.32 ,298.98 ,887.33 ,-,4.23 ,8.40 ,106.22 ,0.00 ,,
202,구이류06,06-012-006,소곱창구이,150.00 ,639.11 ,6.51 ,35.62 ,51.71 ,332.72 ,0.00 ,87.16 ,404.77 ,566.43 ,-,8.82 ,4.92 ,652.50 ,0.00 ,,
203,구이류06,06-012-007,소양념갈비구이,300.00 ,986.92 ,27.74 ,61.97 ,66.48 ,1272.34 ,14.31 ,79.57 ,595.76 ,1325.37 ,-,5.57 ,12.33 ,220.96 ,0.00 ,,
204,구이류06,06-012-008,소불고기,200.00 ,174.73 ,19.63 ,14.22 ,4.68 ,828.15 ,9.49 ,63.17 ,157.73 ,547.41 ,-,3.80 ,1.62 ,27.93 ,0.00 ,,
205,구이류06,06-012-009,양념왕갈비,150.00 ,485.51 ,15.04 ,29.33 ,33.71 ,533.19 ,8.35 ,44.42 ,335.30 ,451.08 ,-,1.31 ,3.90 ,103.50 ,0.00 ,,
206,구이류06,06-012-010,햄버거스테이크,200.00 ,436.75 ,21.35 ,24.92 ,28.05 ,920.26 ,0.00 ,60.60 ,258.45 ,787.00 ,-,2.88 ,4.69 ,75.78 ,0.00 ,,
207,구이류06,06-012-011,훈제오리,250.00 ,789.96 ,11.83 ,38.16 ,64.65 ,1216.98 ,6.25 ,42.26 ,456.73 ,694.04 ,-,4.50 ,3.46 ,200.25 ,0.00 ,,
208,구이류06,06-012-012,치킨데리야끼,340.00 ,692.52 ,50.73 ,47.34 ,32.19 ,865.98 ,3.64 ,66.13 ,501.22 ,785.04 ,-,3.59 ,6.07 ,171.25 ,0.00 ,,
209,구이류06,06-012-013,치킨윙,100.00 ,219.42 ,9.97 ,11.41 ,14.23 ,351.39 ,2.45 ,11.71 ,72.63 ,113.24 ,1.75 ,1.00 ,0.77 ,66.00 ,0.00 ,,
210,구이류06,06-013-001,더덕구이,100.00 ,183.74 ,31.78 ,5.80 ,5.62 ,745.78 ,10.85 ,37.64 ,151.08 ,326.30 ,3.30 ,2.81 ,0.37 ,0.00 ,0.00 ,,
211,구이류06,06-013-002,양배추구이,100.00 ,60.93 ,7.62 ,2.71 ,2.65 ,242.34 ,0.84 ,32.21 ,45.84 ,235.39 ,16.30 ,0.72 ,0.58 ,5.50 ,0.00 ,,
212,구이류06,06-013-003,두부구이,100.00 ,90.67 ,1.53 ,9.41 ,6.27 ,164.39 ,0.00 ,127.72 ,142.36 ,97.26 ,0.40 ,1.54 ,1.02 ,0.00 ,0.00 ,,
213,구이류06,06-014-001,삼치구이,200.00 ,355.71 ,8.48 ,37.83 ,18.01 ,797.71 ,0.00 ,103.74 ,456.84 ,909.32 ,-,2.74 ,2.22 ,156.87 ,0.00 ,,
214,전류07,07-011-001,가자미전,150.00 ,220.46 ,6.68 ,29.97 ,7.12 ,814.37 ,0.00 ,59.60 ,279.48 ,495.98 ,-,1.29 ,0.91 ,226.88 ,0.00 ,,
215,전류07,07-011-002,굴전,100.00 ,192.81 ,13.92 ,12.56 ,9.07 ,331.02 ,0.00 ,95.58 ,200.07 ,254.43 ,23.81 ,3.30 ,10.21 ,123.00 ,0.00 ,,
216,전류07,07-011-003,동태전,150.00 ,265.25 ,11.48 ,19.87 ,16.14 ,672.98 ,0.00 ,61.99 ,256.21 ,379.06 ,-,0.78 ,0.63 ,134.56 ,0.00 ,,
217,전류07,07-011-004,해물파전,150.00 ,267.23 ,27.68 ,12.94 ,12.57 ,356.43 ,0.00 ,111.80 ,186.88 ,530.49 ,-,6.87 ,1.36 ,96.84 ,0.00 ,,
218,전류07,07-012-001,동그랑땡,150.00 ,312.41 ,14.71 ,19.67 ,18.72 ,579.81 ,0.00 ,74.16 ,221.89 ,373.69 ,-,2.00 ,2.10 ,184.28 ,0.00 ,,
219,전류07,07-012-002,햄부침,100.00 ,232.60 ,9.73 ,13.07 ,15.48 ,774.68 ,0.00 ,7.38 ,249.97 ,191.62 ,2.35 ,0.72 ,0.89 ,52.15 ,0.00 ,,
220,전류07,07-012-003,육전,100.00 ,197.10 ,6.72 ,19.58 ,9.51 ,248.68 ,0.30 ,13.14 ,173.22 ,338.32 ,3.40 ,1.96 ,3.56 ,91.50 ,0.00 ,,
221,전류07,07-013-001,감자전,200.00 ,366.16 ,53.81 ,9.67 ,13.61 ,456.53 ,0.00 ,15.20 ,192.32 ,1343.65 ,-,1.95 ,1.49 ,0.00 ,0.00 ,,
222,전류07,07-013-002,고추전,150.00 ,261.44 ,17.78 ,13.94 ,14.86 ,359.88 ,0.75 ,31.39 ,161.88 ,415.82 ,-,1.83 ,2.30 ,160.65 ,0.00 ,,
223,전류07,07-013-003,김치전,150.00 ,285.73 ,32.07 ,13.17 ,12.48 ,785.60 ,0.00 ,83.95 ,214.22 ,529.60 ,-,2.47 ,1.93 ,136.00 ,0.00 ,,
224,전류07,07-013-004,깻잎전,150.00 ,357.62 ,16.65 ,18.30 ,24.64 ,464.94 ,0.75 ,107.69 ,199.83 ,503.93 ,-,2.74 ,3.16 ,171.38 ,0.00 ,,
225,전류07,07-013-005,녹두빈대떡,100.00 ,200.71 ,18.64 ,9.96 ,8.32 ,246.03 ,0.00 ,39.67 ,161.97 ,391.53 ,15.10 ,1.69 ,1.02 ,13.75 ,0.00 ,,
226,전류07,07-013-006,미나리전,150.00 ,215.86 ,30.10 ,6.09 ,8.63 ,235.65 ,0.00 ,39.09 ,103.04 ,598.81 ,-,3.24 ,0.65 ,28.50 ,0.00 ,,
227,전류07,07-013-007,배추전,150.00 ,241.01 ,32.51 ,6.41 ,10.49 ,355.98 ,0.00 ,95.90 ,104.30 ,618.44 ,-,1.76 ,1.21 ,30.40 ,0.00 ,,
228,전류07,07-013-008,버섯전,150.00 ,239.68 ,18.61 ,11.93 ,12.93 ,307.92 ,0.75 ,38.04 ,132.54 ,291.02 ,-,2.54 ,1.49 ,126.08 ,0.00 ,,
229,전류07,07-013-009,부추전,150.00 ,241.18 ,32.01 ,7.14 ,9.50 ,255.16 ,0.00 ,30.77 ,68.12 ,405.66 ,-,2.46 ,0.52 ,7.13 ,0.00 ,,
230,전류07,07-013-010,야채전,100.00 ,194.94 ,24.97 ,4.95 ,8.78 ,322.92 ,0.00 ,31.17 ,77.60 ,436.24 ,20.51 ,1.30 ,0.62 ,23.75 ,0.00 ,,
231,전류07,07-013-011,파전,150.00 ,280.55 ,37.46 ,7.73 ,12.04 ,338.00 ,0.00 ,87.60 ,118.32 ,481.77 ,-,1.91 ,0.90 ,57.00 ,0.00 ,,
232,전류07,07-013-012,호박부침개,100.00 ,130.72 ,8.67 ,3.37 ,9.24 ,172.03 ,0.00 ,13.60 ,40.50 ,192.72 ,3.81 ,0.62 ,0.30 ,61.75 ,0.00 ,,
233,전류07,07-013-013,호박전,150.00 ,215.28 ,16.56 ,6.59 ,14.42 ,274.63 ,0.00 ,48.65 ,95.99 ,669.09 ,-,1.65 ,0.86 ,106.88 ,0.00 ,,
234,전류07,07-014-001,달걀말이,100.00 ,172.24 ,4.67 ,12.04 ,11.23 ,323.32 ,0.00 ,49.64 ,169.30 ,200.88 ,13.20 ,1.57 ,1.39 ,475.00 ,0.00 ,,
235,전류07,07-014-002,두부부침,100.00 ,134.88 ,4.29 ,9.92 ,8.76 ,199.83 ,0.00 ,131.04 ,150.14 ,119.91 ,1.46 ,1.64 ,1.07 ,0.00 ,0.00 ,,
236,전류07,07-014-003,두부전,150.00 ,253.89 ,8.08 ,18.66 ,18.03 ,500.53 ,0.00 ,227.92 ,274.75 ,186.62 ,-,2.92 ,1.97 ,66.50 ,0.00 ,,
237,볶음류08,08-011-001,건새우볶음,20.00 ,69.19 ,4.81 ,7.22 ,2.30 ,193.09 ,2.70 ,259.68 ,143.34 ,105.61 ,-,0.62 ,0.93 ,74.40 ,0.00 ,,
238,볶음류08,08-011-002,낙지볶음,200.00 ,180.59 ,23.51 ,17.87 ,3.00 ,868.88 ,6.70 ,86.24 ,255.66 ,763.14 ,-,2.50 ,3.02 ,135.20 ,0.00 ,,
239,볶음류08,08-011-003,멸치볶음,20.00 ,69.23 ,5.69 ,6.97 ,2.04 ,274.10 ,3.43 ,138.09 ,157.86 ,204.09 ,-,0.93 ,0.28 ,83.55 ,0.00 ,,
240,볶음류08,08-011-004,어묵볶음,150.00 ,281.54 ,36.28 ,18.04 ,8.08 ,1283.83 ,4.47 ,120.59 ,167.69 ,459.18 ,-,2.32 ,1.32 ,18.90 ,0.00 ,,
241,볶음류08,08-011-005,오징어볶음,200.00 ,243.70 ,27.42 ,20.43 ,6.84 ,1025.86 ,9.28 ,94.34 ,294.84 ,822.24 ,-,2.88 ,2.48 ,198.00 ,0.00 ,,
242,볶음류08,08-011-006,오징어채볶음,20.00 ,55.71 ,7.00 ,5.39 ,0.69 ,240.96 ,1.35 ,6.23 ,64.82 ,50.89 ,-,0.28 ,0.41 ,50.05 ,0.00 ,,
243,볶음류08,08-011-007,주꾸미볶음,200.00 ,211.81 ,21.69 ,20.16 ,6.11 ,969.88 ,6.70 ,88.04 ,278.06 ,699.04 ,-,3.67 ,3.32 ,385.60 ,0.00 ,,
244,볶음류08,08-011-008,해물볶음,400.00 ,420.53 ,36.53 ,37.48 ,15.32 ,1647.02 ,7.66 ,148.98 ,522.01 ,1158.85 ,-,14.84 ,4.23 ,376.20 ,0.00 ,,
245,볶음류08,08-012-001,감자볶음,50.00 ,57.80 ,8.23 ,1.34 ,2.53 ,219.94 ,0.50 ,10.63 ,33.28 ,254.61 ,-,0.39 ,0.30 ,0.00 ,0.00 ,,
246,볶음류08,08-012-002,김치볶음,200.00 ,189.97 ,21.83 ,5.29 ,12.13 ,1513.41 ,8.96 ,116.21 ,150.16 ,766.98 ,-,2.12 ,1.27 ,0.00 ,0.00 ,,
247,볶음류08,08-012-003,깻잎나물볶음,200.00 ,212.39 ,17.33 ,8.03 ,16.37 ,1046.43 ,0.20 ,670.52 ,172.55 ,933.81 ,-,5.58 ,1.40 ,5.20 ,0.00 ,,
248,볶음류08,08-012-004,느타리버섯볶음,150.00 ,133.32 ,14.22 ,4.41 ,8.93 ,625.25 ,0.15 ,21.59 ,98.74 ,530.39 ,-,1.13 ,1.55 ,0.00 ,0.00 ,,
249,볶음류08,08-012-005,두부김치,250.00 ,292.42 ,13.84 ,19.15 ,21.32 ,1033.85 ,0.00 ,153.45 ,311.65 ,740.55 ,-,4.38 ,3.14 ,30.00 ,0.00 ,,
250,볶음류08,08-012-006,머위나물볶음,150.00 ,102.99 ,7.71 ,4.30 ,7.95 ,696.92 ,0.00 ,101.09 ,94.61 ,529.54 ,-,2.56 ,0.44 ,0.00 ,0.00 ,,
251,볶음류08,08-012-007,양송이버섯볶음,150.00 ,132.42 ,10.55 ,5.46 ,9.79 ,520.11 ,0.00 ,33.02 ,161.61 ,856.38 ,-,2.51 ,1.30 ,0.00 ,0.00 ,,
252,볶음류08,08-012-008,표고버섯볶음,150.00 ,143.60 ,14.28 ,4.01 ,7.36 ,563.59 ,1.49 ,31.77 ,67.16 ,512.86 ,-,2.43 ,0.85 ,0.00 ,0.00 ,,
253,볶음류08,08-012-009,고추잡채,200.00 ,264.22 ,22.11 ,12.86 ,12.71 ,850.31 ,8.45 ,54.82 ,219.04 ,561.56 ,-,2.83 ,2.15 ,50.80 ,0.00 ,,
254,볶음류08,08-012-010,호박볶음,50.00 ,29.19 ,3.09 ,0.77 ,2.01 ,223.28 ,0.00 ,10.37 ,20.39 ,135.05 ,-,0.37 ,0.17 ,0.07 ,0.00 ,,
255,볶음류08,08-013-001,돼지고기볶음,200.00 ,353.13 ,15.33 ,25.75 ,20.94 ,1060.33 ,4.75 ,32.86 ,402.25 ,457.95 ,-,3.94 ,4.54 ,84.00 ,0.00 ,,
256,볶음류08,08-013-002,돼지껍데기볶음,150.00 ,346.14 ,22.73 ,22.39 ,19.23 ,759.29 ,15.84 ,29.84 ,72.08 ,267.06 ,-,2.28 ,1.24 ,95.40 ,0.00 ,,
257,볶음류08,08-013-003,소세지볶음,200.00 ,476.04 ,28.81 ,17.04 ,33.24 ,1409.05 ,5.83 ,27.46 ,260.35 ,495.96 ,-,2.50 ,2.22 ,56.26 ,0.00 ,,
258,볶음류08,08-013-004,순대볶음,400.00 ,579.56 ,70.96 ,17.58 ,25.61 ,1379.55 ,14.29 ,271.54 ,265.92 ,1048.02 ,-,8.10 ,4.43 ,189.92 ,0.00 ,,
259,볶음류08,08-013-005,오리불고기,250.00 ,559.93 ,24.47 ,38.16 ,34.25 ,854.07 ,4.07 ,66.06 ,420.21 ,1004.86 ,-,5.80 ,4.84 ,124.82 ,0.00 ,,
260,볶음류08,08-013-006,오삼불고기,200.00 ,356.94 ,21.46 ,23.35 ,20.24 ,870.40 ,7.42 ,77.92 ,307.85 ,635.00 ,-,2.21 ,2.78 ,164.30 ,0.00 ,,
261,볶음류08,08-014-001,떡볶이,200.00 ,300.76 ,58.85 ,8.72 ,2.96 ,862.23 ,5.70 ,72.03 ,179.37 ,251.44 ,-,1.57 ,1.11 ,6.00 ,0.00 ,,
262,볶음류08,08-014-002,라볶이,200.00 ,266.03 ,41.13 ,7.96 ,9.59 ,836.24 ,6.36 ,43.56 ,93.55 ,276.68 ,-,1.73 ,0.59 ,6.90 ,0.00 ,,
263,볶음류08,08-014-003,마파두부,200.00 ,226.92 ,10.99 ,16.85 ,12.01 ,647.45 ,0.57 ,153.43 ,257.27 ,332.84 ,-,3.08 ,2.27 ,19.15 ,0.00 ,,
264,조림류09,09-011-001,가자미조림,300.00 ,301.29 ,20.34 ,40.70 ,6.90 ,1621.23 ,5.99 ,114.12 ,417.78 ,1153.38 ,-,3.29 ,1.56 ,165.00 ,0.00 ,,
265,조림류09,09-011-002,갈치조림,100.00 ,99.39 ,5.49 ,10.68 ,3.92 ,463.82 ,0.50 ,38.67 ,129.74 ,302.99 ,6.18 ,1.15 ,0.60 ,42.00 ,0.00 ,,
266,조림류09,09-011-003,고등어조림,250.00 ,459.34 ,10.96 ,45.37 ,25.35 ,1177.96 ,1.46 ,124.96 ,554.48 ,1033.41 ,-,5.19 ,2.68 ,170.15 ,0.00 ,,
267,조림류09,09-011-004,꽁치조림,150.00 ,280.09 ,8.36 ,22.59 ,16.67 ,679.42 ,1.39 ,113.62 ,294.58 ,448.77 ,-,3.34 ,1.14 ,67.20 ,0.00 ,,
268,조림류09,09-011-005,동태조림,250.00 ,270.61 ,16.77 ,39.03 ,4.09 ,1440.18 ,5.00 ,148.76 ,525.69 ,982.83 ,-,2.06 ,1.41 ,211.05 ,0.00 ,,
269,조림류09,09-011-006,북어조림,100.00 ,184.58 ,15.66 ,23.88 ,3.04 ,761.39 ,2.91 ,97.10 ,246.45 ,487.86 ,8.05 ,1.81 ,0.55 ,103.95 ,0.00 ,,
270,조림류09,09-011-007,조기조림,300.00 ,378.26 ,14.24 ,41.43 ,16.26 ,1682.90 ,1.45 ,108.47 ,443.38 ,1222.74 ,-,3.75 ,2.43 ,176.61 ,0.00 ,,
271,조림류09,09-011-008,코다리조림,100.00 ,146.67 ,4.57 ,18.46 ,5.62 ,433.18 ,0.50 ,42.41 ,197.97 ,324.84 ,3.85 ,0.85 ,0.51 ,77.60 ,0.00 ,,
272,조림류09,09-012-001,달걀장조림,100.00 ,133.73 ,10.03 ,8.75 ,6.40 ,636.61 ,3.17 ,45.52 ,132.58 ,267.37 ,15.60 ,1.35 ,1.07 ,308.75 ,0.00 ,,
273,조림류09,09-012-002,메추리알장조림,100.00 ,205.08 ,7.36 ,12.11 ,13.69 ,758.90 ,2.45 ,65.22 ,190.66 ,279.19 ,4.75 ,1.93 ,1.72 ,530.64 ,0.00 ,,
274,조림류09,09-013-001,돼지고기메추리알장조림,50.00 ,62.97 ,3.14 ,7.62 ,2.11 ,555.79 ,0.84 ,11.30 ,78.71 ,153.47 ,-,0.73 ,0.86 ,77.30 ,0.00 ,,
275,조림류09,09-013-002,소고기메추리알장조림,50.00 ,61.22 ,3.45 ,6.67 ,2.21 ,608.30 ,1.00 ,17.18 ,77.91 ,169.55 ,-,1.78 ,0.86 ,70.17 ,0.00 ,,
276,조림류09,09-014-001,고추조림,100.00 ,105.88 ,14.83 ,2.86 ,4.19 ,802.46 ,2.99 ,31.72 ,52.22 ,185.44 ,18.67 ,0.89 ,0.44 ,0.00 ,0.00 ,,
277,조림류09,09-014-002,감자조림,50.00 ,39.01 ,8.40 ,1.55 ,0.20 ,265.92 ,0.79 ,9.76 ,35.95 ,222.52 ,-,0.41 ,0.25 ,0.00 ,0.00 ,,
278,조림류09,09-014-003,우엉조림,30.00 ,68.50 ,15.51 ,1.10 ,0.33 ,242.28 ,7.61 ,15.62 ,24.22 ,106.85 ,-,0.32 ,0.24 ,0.00 ,0.00 ,,
279,조림류09,09-014-004,알감자조림,50.00 ,56.23 ,10.48 ,1.38 ,1.26 ,241.73 ,1.57 ,13.10 ,40.96 ,214.52 ,-,0.82 ,0.28 ,0.00 ,0.00 ,,
280,조림류09,09-015-001,(검은)콩조림,20.00 ,56.83 ,6.98 ,3.85 ,2.09 ,102.85 ,2.92 ,24.80 ,64.41 ,33.39 ,-,0.88 ,0.31 ,0.00 ,0.00 ,,
281,조림류09,09-015-002,콩조림,20.00 ,59.22 ,7.75 ,3.57 ,1.94 ,234.70 ,2.92 ,14.38 ,9.88 ,128.36 ,-,0.87 ,0.43 ,0.00 ,0.00 ,,
282,조림류09,09-015-003,두부고추장조림,50.00 ,67.14 ,4.03 ,5.14 ,4.00 ,199.23 ,1.89 ,69.91 ,81.64 ,79.71 ,-,0.96 ,0.58 ,0.00 ,0.00 ,,
283,조림류09,09-016-001,땅콩조림,20.00 ,80.42 ,6.54 ,2.91 ,5.11 ,154.25 ,3.27 ,14.63 ,45.44 ,90.95 ,-,0.58 ,0.72 ,0.00 ,0.00 ,,
284,튀김류10,10-011-001,미꾸라지튀김,100.00 ,382.13 ,30.57 ,12.69 ,22.54 ,323.26 ,0.00 ,342.03 ,254.09 ,192.60 ,11.20 ,4.40 ,1.64 ,121.30 ,0.00 ,,
285,튀김류10,10-011-002,새우튀김,100.00 ,311.26 ,21.83 ,11.83 ,19.64 ,553.89 ,0.00 ,39.88 ,130.66 ,183.43 ,5.95 ,1.08 ,0.91 ,165.90 ,0.00 ,,
286,튀김류10,10-011-003,생선가스,200.00 ,646.21 ,57.38 ,24.50 ,37.09 ,817.27 ,0.00 ,34.16 ,303.64 ,229.95 ,-,1.95 ,1.43 ,176.30 ,0.00 ,,
287,튀김류10,10-011-004,쥐포튀김,100.00 ,353.33 ,37.99 ,11.21 ,16.54 ,423.80 ,0.00 ,26.87 ,127.54 ,145.28 ,13.70 ,1.00 ,0.48 ,75.64 ,0.00 ,,
288,튀김류10,10-011-005,오징어튀김,100.00 ,308.43 ,26.02 ,13.46 ,16.50 ,361.57 ,0.00 ,21.98 ,196.91 ,186.94 ,22.22 ,0.74 ,0.99 ,133.00 ,0.00 ,,
289,튀김류10,10-012-001,닭강정,100.00 ,323.25 ,24.21 ,18.34 ,15.56 ,413.14 ,1.74 ,18.98 ,179.07 ,104.22 ,5.75 ,1.37 ,2.00 ,107.50 ,0.00 ,,
290,튀김류10,10-012-002,닭튀김,300.00 ,909.81 ,45.92 ,54.55 ,52.34 ,1150.13 ,0.00 ,94.75 ,533.19 ,512.28 ,-,5.45 ,6.08 ,380.63 ,0.00 ,,
291,튀김류10,10-012-003,돈가스,200.00 ,620.64 ,36.56 ,27.78 ,39.12 ,557.09 ,0.00 ,31.36 ,264.76 ,685.79 ,-,2.20 ,3.04 ,138.34 ,0.00 ,,
292,튀김류10,10-012-004,모래집튀김,150.00 ,457.35 ,31.86 ,22.29 ,25.89 ,297.01 ,0.00 ,72.28 ,247.59 ,459.02 ,-,1.47 ,0.86 ,137.65 ,0.00 ,,
293,튀김류10,10-012-005,양념치킨,200.00 ,567.58 ,38.84 ,30.47 ,31.15 ,777.86 ,12.36 ,51.00 ,315.66 ,381.26 ,-,3.35 ,3.52 ,259.00 ,0.00 ,,
294,튀김류10,10-012-006,치즈돈가스,250.00 ,758.50 ,45.48 ,36.02 ,46.15 ,855.05 ,0.00 ,72.78 ,344.36 ,569.98 ,-,2.51 ,3.60 ,146.40 ,0.00 ,,
295,튀김류10,10-012-007,치킨가스,200.00 ,582.01 ,51.28 ,31.03 ,28.64 ,748.73 ,0.00 ,32.65 ,186.99 ,384.26 ,-,2.03 ,2.02 ,113.30 ,0.00 ,,
296,튀김류10,10-012-008,탕수육,200.00 ,454.44 ,56.49 ,17.06 ,16.59 ,403.26 ,1.90 ,36.44 ,194.01 ,468.95 ,-,2.12 ,1.68 ,76.48 ,0.00 ,,
297,튀김류10,10-012-009,깐풍기,200.00 ,585.08 ,43.36 ,27.80 ,33.34 ,629.27 ,13.94 ,41.02 ,184.71 ,523.54 ,-,2.73 ,1.93 ,173.00 ,0.00 ,,
298,튀김류10,10-014-001,감자튀김,150.00 ,462.11 ,50.10 ,6.24 ,25.76 ,374.22 ,0.00 ,10.32 ,95.48 ,344.24 ,-,1.43 ,0.46 ,0.00 ,0.00 ,,
299,튀김류10,10-014-002,고구마맛탕,200.00 ,490.93 ,90.19 ,3.30 ,13.53 ,213.33 ,1.43 ,108.33 ,94.47 ,587.22 ,-,3.61 ,1.13 ,0.00 ,0.00 ,,
300,튀김류10,10-014-003,고구마튀김,100.00 ,241.57 ,34.10 ,3.21 ,10.80 ,150.64 ,0.00 ,20.69 ,73.99 ,298.57 ,18.10 ,0.63 ,0.31 ,19.00 ,0.00 ,,
301,튀김류10,10-014-004,고추튀김,100.00 ,198.35 ,12.74 ,6.48 ,13.63 ,260.65 ,0.00 ,23.39 ,99.96 ,147.68 ,12.92 ,0.90 ,0.70 ,190.00 ,0.00 ,,
302,튀김류10,10-014-005,김말이튀김,100.00 ,240.56 ,32.49 ,2.25 ,12.38 ,393.02 ,0.00 ,28.85 ,61.65 ,123.57 ,0.64 ,1.28 ,0.22 ,0.00 ,0.00 ,,
303,튀김류10,10-014-006,채소튀김,100.00 ,311.99 ,36.35 ,3.01 ,18.53 ,277.28 ,0.00 ,33.33 ,91.97 ,274.17 ,11.29 ,0.52 ,0.33 ,0.00 ,0.00 ,,
304,무침류11,11-011-001,노각무침,150.00 ,81.35 ,16.43 ,3.09 ,2.07 ,822.10 ,5.09 ,38.82 ,89.11 ,573.20 ,-,1.67 ,0.81 ,0.00 ,0.00 ,,
305,무침류11,11-011-002,단무지무침,50.00 ,19.19 ,3.22 ,0.47 ,0.91 ,447.86 ,0.97 ,17.34 ,13.32 ,87.64 ,-,0.37 ,0.17 ,0.00 ,0.00 ,,
306,무침류11,11-011-003,달래나물무침,150.00 ,132.69 ,25.26 ,4.77 ,3.30 ,852.99 ,13.54 ,119.65 ,101.45 ,554.06 ,-,2.59 ,1.20 ,0.00 ,0.00 ,,
307,무침류11,11-011-004,더덕무침,150.00 ,220.89 ,48.44 ,4.89 ,2.74 ,1203.58 ,31.54 ,35.80 ,129.72 ,286.31 ,-,2.49 ,0.31 ,0.00 ,0.00 ,,
308,무침류11,11-011-005,도라지생채,150.00 ,165.23 ,38.59 ,4.15 ,1.71 ,789.08 ,3.00 ,75.06 ,151.51 ,725.86 ,-,6.41 ,0.40 ,0.00 ,0.00 ,,
309,무침류11,11-011-006,도토리묵,100.00 ,43.05 ,9.87 ,0.40 ,0.35 ,116.47 ,1.40 ,8.82 ,28.49 ,41.84 ,1.21 ,0.46 ,0.12 ,0.00 ,0.00 ,,
310,무침류11,11-011-007,마늘쫑무침,30.00 ,38.12 ,9.35 ,0.98 ,0.28 ,423.46 ,3.28 ,9.23 ,23.69 ,95.61 ,-,0.34 ,0.38 ,0.00 ,0.00 ,,
311,무침류11,11-011-008,무생채,150.00 ,73.68 ,16.00 ,2.63 ,1.28 ,832.19 ,4.50 ,73.92 ,69.60 ,478.52 ,-,1.78 ,0.78 ,1.68 ,0.00 ,,
312,무침류11,11-011-009,무말랭이,30.00 ,39.89 ,9.63 ,1.36 ,0.34 ,378.78 ,1.03 ,35.82 ,35.25 ,252.68 ,-,0.95 ,0.18 ,0.04 ,0.00 ,,
313,무침류11,11-011-010,오이생채,50.00 ,23.36 ,4.63 ,0.89 ,0.50 ,269.31 ,1.52 ,14.82 ,33.46 ,147.13 ,-,0.44 ,0.20 ,0.00 ,0.00 ,,
314,무침류11,11-011-011,파무침,150.00 ,124.30 ,19.47 ,3.82 ,5.41 ,693.83 ,8.37 ,146.02 ,81.48 ,377.30 ,-,2.39 ,0.41 ,10.05 ,0.00 ,,
315,무침류11,11-012-001,상추겉절이,200.00 ,130.62 ,17.99 ,5.65 ,6.25 ,952.32 ,2.00 ,136.84 ,146.78 ,850.54 ,-,3.27 ,1.18 ,5.36 ,0.00 ,,
316,무침류11,11-012-002,쑥갓나물무침,150.00 ,94.86 ,8.78 ,5.49 ,6.51 ,700.12 ,0.00 ,69.17 ,87.67 ,453.75 ,-,2.87 ,0.44 ,0.00 ,0.00 ,,
317,무침류11,11-012-003,청포묵무침,250.00 ,157.61 ,19.68 ,2.96 ,4.23 ,756.74 ,13.74 ,67.04 ,99.44 ,334.03 ,-,1.94 ,0.74 ,2.35 ,0.00 ,,
318,무침류11,11-012-004,해파리냉채,150.00 ,87.29 ,13.83 ,6.63 ,1.55 ,490.13 ,7.49 ,69.36 ,220.37 ,360.60 ,-,5.35 ,0.98 ,17.63 ,0.00 ,,
319,무침류11,11-013-001,가지나물,50.00 ,21.87 ,3.03 ,0.73 ,1.27 ,159.17 ,0.00 ,11.32 ,20.29 ,125.29 ,-,0.34 ,0.14 ,0.00 ,0.00 ,,
320,무침류11,11-013-002,고사리나물,50.00 ,43.51 ,3.80 ,1.97 ,3.26 ,251.53 ,0.00 ,20.35 ,32.94 ,302.39 ,-,1.81 ,0.94 ,0.00 ,0.00 ,,
321,무침류11,11-013-003,도라지나물,50.00 ,54.68 ,5.34 ,0.67 ,3.82 ,256.67 ,0.00 ,15.10 ,24.06 ,104.97 ,-,0.91 ,0.08 ,0.00 ,0.00 ,,
322,무침류11,11-013-004,무나물,50.00 ,34.58 ,3.04 ,0.58 ,2.56 ,293.52 ,0.00 ,18.05 ,16.53 ,143.43 ,-,0.46 ,0.20 ,0.00 ,0.00 ,,
323,무침류11,11-013-005,미나리나물,50.00 ,28.34 ,2.56 ,0.99 ,2.14 ,165.52 ,0.00 ,18.45 ,28.82 ,239.04 ,-,1.16 ,0.19 ,0.00 ,0.00 ,,
324,무침류11,11-013-006,숙주나물,50.00 ,19.51 ,1.56 ,1.31 ,1.35 ,186.73 ,0.00 ,10.11 ,20.87 ,85.47 ,-,0.38 ,0.19 ,0.00 ,0.00 ,,
325,무침류11,11-013-007,시금치나물,50.00 ,37.51 ,3.82 ,2.07 ,2.37 ,217.26 ,0.00 ,37.59 ,24.55 ,311.26 ,-,1.77 ,0.40 ,0.00 ,0.00 ,,
326,무침류11,11-013-009,취나물,50.00 ,72.94 ,3.46 ,1.60 ,6.71 ,288.65 ,0.00 ,58.38 ,30.07 ,222.98 ,-,1.09 ,0.03 ,0.00 ,0.00 ,,
327,무침류11,11-013-010,콩나물,50.00 ,24.13 ,1.15 ,1.64 ,1.98 ,203.50 ,0.00 ,12.78 ,21.61 ,78.36 ,-,0.43 ,0.23 ,0.00 ,0.00 ,,
328,무침류11,11-013-011,고구마줄기나물,50.00 ,30.44 ,2.97 ,0.63 ,2.24 ,255.71 ,0.00 ,28.19 ,19.65 ,73.77 ,-,0.91 ,0.18 ,0.00 ,0.00 ,,
329,무침류11,11-013-012,우거지나물무침,150.00 ,126.11 ,10.28 ,5.08 ,8.66 ,774.55 ,1.50 ,513.00 ,108.69 ,94.11 ,-,21.90 ,0.45 ,0.00 ,0.00 ,,
330,무침류11,11-014-001,골뱅이무침,100.00 ,107.35 ,15.56 ,7.91 ,2.30 ,515.92 ,6.06 ,40.48 ,89.79 ,346.35 ,4.94 ,1.44 ,0.88 ,45.56 ,0.00 ,,
331,무침류11,11-014-002,김무침,30.00 ,81.01 ,12.19 ,4.71 ,4.12 ,498.63 ,6.93 ,45.44 ,95.12 ,413.57 ,-,2.16 ,0.57 ,0.00 ,0.00 ,,
332,무침류11,11-014-003,미역초무침,50.00 ,24.94 ,5.70 ,1.07 ,0.54 ,285.80 ,4.00 ,47.27 ,28.82 ,236.75 ,-,0.40 ,0.12 ,0.00 ,0.00 ,,
333,무침류11,11-014-004,북어채무침,150.00 ,332.05 ,31.33 ,37.37 ,5.80 ,1048.53 ,18.02 ,245.11 ,744.84 ,782.64 ,-,2.58 ,0.89 ,108.57 ,0.00 ,,
334,무침류11,11-014-005,회무침,300.00 ,311.59 ,42.88 ,27.18 ,4.26 ,1253.25 ,26.41 ,200.10 ,314.51 ,955.84 ,-,4.38 ,1.68 ,61.38 ,0.00 ,,
335,무침류11,11-014-006,쥐치채,20.00 ,53.39 ,10.18 ,2.77 ,0.20 ,289.45 ,6.60 ,14.29 ,31.71 ,78.51 ,-,0.30 ,0.12 ,5.93 ,0.00 ,,
336,무침류11,11-014-007,파래무침,30.00 ,31.59 ,5.43 ,2.34 ,0.69 ,252.05 ,0.90 ,64.54 ,19.04 ,74.49 ,-,1.71 ,0.15 ,0.00 ,0.00 ,,
337,무침류11,11-014-008,홍어무침,200.00 ,193.14 ,24.90 ,21.64 ,2.27 ,817.42 ,9.43 ,337.43 ,320.55 ,842.66 ,-,3.47 ,1.26 ,79.20 ,0.00 ,,
338,무침류11,11-014-009,골뱅이국수무침,230.00 ,256.42 ,39.63 ,10.52 ,7.01 ,911.74 ,0.00 ,97.58 ,151.38 ,492.58 ,-,2.84 ,1.23 ,39.98 ,0.00 ,,
339,무침류11,11-014-010,오징어무침,200.00 ,249.53 ,13.55 ,38.67 ,4.19 ,682.39 ,0.00 ,78.58 ,556.64 ,660.14 ,-,1.86 ,3.40 ,430.92 ,0.00 ,,
340,무침류11,11-015-001,잡채,150.00 ,198.82 ,37.47 ,2.59 ,4.70 ,664.75 ,2.99 ,50.13 ,53.94 ,294.12 ,-,2.91 ,0.48 ,14.25 ,0.00 ,,
341,무침류11,11-015-002,탕평채,100.00 ,101.19 ,10.20 ,3.53 ,3.11 ,247.42 ,6.99 ,38.80 ,89.96 ,269.97 ,6.26 ,1.23 ,0.82 ,4.95 ,0.00 ,,
342,김치류12,12-011-001,갓김치,50.00 ,27.64 ,5.21 ,1.98 ,0.70 ,447.77 ,0.42 ,83.19 ,30.59 ,222.81 ,-,1.32 ,0.48 ,3.51 ,0.00 ,,
343,김치류12,12-011-002,고들빼기,50.00 ,55.39 ,11.99 ,2.21 ,0.56 ,733.75 ,0.00 ,37.38 ,44.59 ,177.84 ,-,1.80 ,0.37 ,0.55 ,0.00 ,,
344,김치류12,12-011-003,깍두기,50.00 ,17.99 ,3.95 ,1.00 ,0.23 ,338.88 ,0.05 ,19.16 ,15.33 ,148.05 ,-,0.56 ,0.14 ,4.07 ,0.00 ,,
345,김치류12,12-011-004,깻잎김치,150.00 ,124.49 ,23.27 ,6.10 ,3.16 ,1907.64 ,2.99 ,131.99 ,93.45 ,752.09 ,-,3.01 ,1.27 ,29.66 ,0.00 ,,
346,김치류12,12-011-005,나박김치,100.00 ,14.75 ,2.26 ,0.63 ,0.42 ,509.47 ,0.01 ,12.54 ,11.62 ,77.83 ,0.03 ,0.36 ,0.08 ,0.00 ,0.00 ,,
347,김치류12,12-011-006,동치미,400.00 ,57.69 ,14.26 ,2.70 ,0.64 ,2313.58 ,0.00 ,43.02 ,47.37 ,438.22 ,-,1.39 ,0.29 ,0.00 ,0.00 ,,
348,김치류12,12-011-007,배추겉절이,50.00 ,21.24 ,4.48 ,0.94 ,0.50 ,325.41 ,1.00 ,21.84 ,23.14 ,182.36 ,-,0.48 ,0.31 ,1.34 ,0.00 ,,
349,김치류12,12-011-008,배추김치,50.00 ,18.43 ,4.16 ,1.15 ,0.30 ,309.53 ,0.50 ,35.85 ,24.24 ,207.14 ,-,0.63 ,0.32 ,3.41 ,0.00 ,,
350,김치류12,12-011-009,백김치,50.00 ,19.80 ,4.38 ,0.80 ,0.26 ,211.72 ,0.00 ,22.88 ,18.19 ,153.42 ,-,0.43 ,0.24 ,0.04 ,0.00 ,,
351,김치류12,12-011-010,부추김치,50.00 ,32.91 ,6.29 ,1.88 ,0.57 ,399.38 ,3.49 ,13.93 ,15.23 ,228.66 ,-,1.28 ,0.19 ,0.00 ,0.00 ,,
352,김치류12,12-011-011,열무김치,50.00 ,16.29 ,3.16 ,1.34 ,0.35 ,308.35 ,1.20 ,64.55 ,28.57 ,411.85 ,-,1.39 ,0.13 ,0.00 ,0.00 ,,
353,김치류12,12-011-012,열무얼갈이김치,50.00 ,16.57 ,3.03 ,1.27 ,0.40 ,344.20 ,0.00 ,47.91 ,33.17 ,177.00 ,-,0.84 ,0.21 ,4.20 ,0.00 ,,
354,김치류12,12-011-013,오이소박이,50.00 ,16.67 ,2.96 ,0.94 ,0.53 ,276.19 ,1.20 ,22.34 ,39.57 ,184.88 ,-,0.54 ,0.19 ,1.45 ,0.00 ,,
355,김치류12,12-011-014,총각김치,50.00 ,17.56 ,3.44 ,1.03 ,0.37 ,347.17 ,0.00 ,50.19 ,25.63 ,168.11 ,-,0.88 ,0.19 ,4.43 ,0.00 ,,
356,김치류12,12-011-015,파김치,50.00 ,28.01 ,5.47 ,1.55 ,0.70 ,395.87 ,1.00 ,46.63 ,20.36 ,179.12 ,-,0.82 ,0.34 ,4.69 ,0.00 ,,
357,절임류13,13-011-001,간장게장,250.00 ,292.70 ,13.89 ,32.67 ,2.09 ,3075.53 ,0.17 ,267.12 ,458.43 ,1137.69 ,-,7.55 ,8.41 ,223.13 ,0.00 ,,
358,절임류13,13-011-002,마늘쫑장아찌,50.00 ,28.27 ,6.19 ,1.05 ,0.13 ,778.60 ,2.35 ,8.39 ,23.65 ,105.69 ,-,0.33 ,0.34 ,0.00 ,0.00 ,,
359,절임류13,13-011-003,고추장아찌,30.00 ,22.36 ,4.18 ,0.80 ,0.09 ,787.30 ,3.00 ,4.75 ,16.66 ,83.33 ,-,0.22 ,0.14 ,0.00 ,0.00 ,,
360,절임류13,13-011-004,깻잎장아찌,30.00 ,33.64 ,7.87 ,2.11 ,0.36 ,568.75 ,2.78 ,84.17 ,40.46 ,220.79 ,-,1.01 ,0.43 ,0.63 ,0.00 ,,
361,절임류13,13-011-005,마늘장아찌,30.00 ,16.06 ,3.07 ,0.79 ,0.02 ,481.75 ,0.30 ,1.74 ,14.80 ,64.27 ,-,0.12 ,0.13 ,0.00 ,0.00 ,,
362,절임류13,13-011-006,무장아찌,30.00 ,27.34 ,5.31 ,0.57 ,0.26 ,933.28 ,3.30 ,15.62 ,15.06 ,106.02 ,-,0.32 ,0.15 ,0.00 ,0.00 ,,
363,절임류13,13-011-007,양념게장,200.00 ,275.55 ,46.33 ,20.41 ,2.06 ,1747.84 ,26.52 ,165.87 ,283.47 ,792.52 ,-,5.25 ,5.23 ,134.40 ,0.00 ,,
364,절임류13,13-011-008,양파장아찌,50.00 ,19.72 ,3.54 ,0.58 ,0.05 ,423.61 ,1.50 ,5.05 ,13.41 ,63.34 ,-,0.18 ,0.13 ,0.00 ,0.00 ,,
365,절임류13,13-011-009,오이지,50.00 ,11.44 ,2.39 ,1.14 ,0.31 ,926.00 ,0.00 ,30.22 ,80.08 ,328.19 ,-,0.63 ,0.32 ,0.00 ,0.00 ,,
366,절임류13,13-011-010,무피클,50.00 ,17.00 ,4.19 ,0.40 ,0.05 ,6.60 ,1.99 ,13.08 ,11.56 ,108.32 ,-,0.35 ,0.15 ,0.00 ,0.00 ,,
367,절임류13,13-011-011,오이피클,50.00 ,54.00 ,14.64 ,0.30 ,0.15 ,333.60 ,1.99 ,15.08 ,4.06 ,27.32 ,-,0.50 ,0.05 ,0.00 ,0.00 ,,
368,절임류13,13-011-012,단무지,30.00 ,3.90 ,0.66 ,0.11 ,0.16 ,173.55 ,0.23 ,5.20 ,3.54 ,16.08 ,-,0.09 ,0.04 ,0.00 ,0.00 ,,
369,절임류13,13-012-001,오징어젓갈,10.00 ,6.83 ,0.29 ,1.24 ,0.10 ,179.11 ,0.00 ,2.40 ,17.60 ,27.04 ,2.07 ,0.07 ,0.11 ,13.68 ,0.00 ,,
370,절임류13,13-012-002,명란젓,10.00 ,12.00 ,0.27 ,2.05 ,0.30 ,353.10 ,0.00 ,2.80 ,24.90 ,41.00 ,0.00 ,0.12 ,0.20 ,35.00 ,0.00 ,,
371,회류14,14-011-001,생연어,100.00 ,110.29 ,1.00 ,20.91 ,1.94 ,213.06 ,0.00 ,26.91 ,249.04 ,349.60 ,0.80 ,1.26 ,0.56 ,60.00 ,0.00 ,,
372,회류14,14-011-002,생선물회,800.00 ,575.01 ,81.45 ,36.77 ,14.13 ,2986.23 ,29.37 ,267.85 ,499.47 ,1560.18 ,-,8.17 ,2.89 ,0.76 ,0.00 ,,
373,회류14,14-011-004,광어회 ,100.00 ,116.20 ,9.34 ,17.20 ,1.36 ,754.40 ,5.46 ,46.60 ,171.20 ,382.00 ,0.00 ,1.54 ,0.40 ,74.96 ,0.00 ,,
374,회류14,14-011-005,훈제연어,100.00 ,169.00 ,9.34 ,19.28 ,6.16 ,1260.80 ,5.46 ,20.20 ,200.00 ,218.80 ,0.00 ,0.90 ,0.61 ,141.60 ,0.00 ,,
375,회류14,14-012-001,육회,150.00 ,236.56 ,15.95 ,25.03 ,8.05 ,433.42 ,7.04 ,45.81 ,244.28 ,608.35 ,-,3.05 ,4.77 ,57.75 ,0.00 ,,
376,회류14,14-012-002,육사시미,150.00 ,203.55 ,6.96 ,29.28 ,6.08 ,888.03 ,4.10 ,30.15 ,252.00 ,541.80 ,0.00 ,7.95 ,3.64 ,63.45 ,0.00 ,,
377,떡류15,15-011-001,가래떡,100.00 ,205.04 ,45.05 ,3.52 ,0.33 ,254.68 ,0.00 ,2.46 ,77.00 ,90.53 ,0.00 ,0.22 ,0.83 ,0.00 ,0.00 ,,
378,떡류15,15-011-002,경단,100.00 ,303.79 ,67.04 ,6.58 ,0.54 ,186.36 ,0.00 ,17.87 ,109.13 ,99.27 ,0.00 ,1.57 ,1.40 ,0.00 ,0.00 ,,
379,떡류15,15-011-003,꿀떡,100.00 ,225.92 ,50.36 ,3.24 ,0.76 ,251.34 ,9.58 ,7.10 ,71.46 ,83.74 ,0.10 ,0.30 ,0.78 ,0.00 ,0.00 ,,
380,떡류15,15-011-004,시루떡,100.00 ,223.62 ,49.03 ,5.50 ,0.28 ,278.95 ,5.99 ,16.63 ,59.45 ,212.64 ,0.00 ,1.11 ,1.35 ,0.00 ,0.00 ,,
381,떡류15,15-011-005,메밀전병,100.00 ,166.14 ,24.82 ,5.79 ,5.50 ,340.66 ,0.00 ,37.04 ,137.63 ,274.49 ,69.82 ,1.41 ,0.97 ,0.00 ,0.00 ,,
382,떡류15,15-011-006,찰떡,100.00 ,216.19 ,44.88 ,5.81 ,1.24 ,236.82 ,5.50 ,15.19 ,83.83 ,151.40 ,9.89 ,1.61 ,1.51 ,0.00 ,0.00 ,,
383,떡류15,15-011-007,무지개떡,100.00 ,218.18 ,48.70 ,4.00 ,0.87 ,277.71 ,6.99 ,26.73 ,89.28 ,115.01 ,0.00 ,0.48 ,1.02 ,0.00 ,0.00 ,,
384,떡류15,15-011-008,백설기,100.00 ,218.82 ,48.20 ,4.04 ,0.79 ,296.95 ,11.99 ,10.82 ,78.99 ,96.90 ,4.20 ,0.55 ,0.75 ,0.00 ,0.00 ,,
385,떡류15,15-011-009,송편,100.00 ,234.90 ,46.82 ,4.17 ,2.70 ,236.55 ,1.52 ,45.98 ,77.16 ,67.89 ,19.97 ,1.13 ,0.57 ,0.00 ,0.00 ,,
386,떡류15,15-011-010,수수부꾸미,100.00 ,258.99 ,46.15 ,5.50 ,5.67 ,270.04 ,3.00 ,6.37 ,95.48 ,162.45 ,0.00 ,1.05 ,1.33 ,0.00 ,0.00 ,,
387,떡류15,15-011-011,수수팥떡,100.00 ,212.73 ,45.17 ,5.98 ,0.68 ,236.38 ,1.00 ,7.49 ,99.64 ,182.04 ,0.00 ,1.13 ,1.40 ,0.00 ,0.00 ,,
388,떡류15,15-011-012,쑥떡,100.00 ,238.06 ,54.64 ,4.53 ,0.45 ,256.15 ,9.99 ,65.20 ,65.55 ,343.62 ,17.50 ,1.59 ,0.55 ,0.00 ,0.00 ,,
389,떡류15,15-011-013,약식,100.00 ,232.21 ,48.88 ,3.83 ,2.27 ,290.64 ,7.99 ,12.89 ,79.74 ,142.12 ,12.11 ,2.53 ,1.30 ,0.16 ,0.00 ,,
390,떡류15,15-011-014,인절미,100.00 ,214.46 ,42.55 ,6.40 ,1.76 ,337.74 ,0.00 ,15.04 ,117.19 ,232.64 ,11.27 ,1.86 ,1.59 ,0.00 ,0.00 ,,
391,떡류15,15-011-015,절편,100.00 ,197.81 ,44.07 ,3.06 ,0.35 ,266.77 ,5.00 ,2.50 ,66.88 ,79.46 ,0.00 ,0.22 ,0.72 ,0.00 ,0.00 ,,
392,떡류15,15-011-016,증편,100.00 ,198.69 ,44.22 ,2.54 ,0.34 ,259.04 ,15.98 ,6.84 ,52.05 ,61.00 ,0.00 ,0.23 ,0.56 ,0.00 ,0.00 ,,
393,떡류15,15-011-017,찹쌀떡,100.00 ,264.74 ,62.08 ,3.41 ,0.23 ,226.38 ,13.99 ,15.68 ,71.71 ,86.78 ,7.71 ,1.46 ,1.13 ,0.00 ,0.00 ,,
394,한과류16,16-011-001,매작과,30.00 ,121.48 ,19.06 ,2.55 ,3.57 ,31.05 ,0.00 ,3.32 ,26.46 ,42.39 ,-,0.43 ,0.13 ,0.00 ,0.00 ,,
395,한과류16,16-011-002,다식,30.00 ,105.17 ,20.81 ,3.55 ,1.73 ,3.85 ,6.46 ,1.43 ,100.07 ,206.71 ,-,0.52 ,0.04 ,0.00 ,0.00 ,,
396,한과류16,16-011-003,약과,30.00 ,113.85 ,22.18 ,2.57 ,1.24 ,16.46 ,2.15 ,4.45 ,28.23 ,59.42 ,-,0.57 ,0.14 ,0.00 ,0.00 ,,
397,한과류16,16-011-004,유과,30.00 ,129.06 ,24.14 ,0.36 ,3.50 ,7.06 ,1.12 ,1.21 ,3.60 ,0.03 ,-,0.24 ,0.20 ,0.00 ,0.00 ,,
398,한과류16,16-011-005,산자,30.00 ,121.70 ,24.70 ,0.91 ,1.20 ,8.01 ,10.63 ,2.00 ,20.36 ,60.93 ,-,0.41 ,0.27 ,0.00 ,0.00 ,,
399,한과류16,16-011-006,깨강정,30.00 ,150.30 ,13.62 ,4.50 ,9.87 ,24.30 ,0.00 ,156.00 ,125.70 ,67.50 ,0.00 ,1.38 ,2.13 ,0.00 ,0.00 ,,
,,,,,,,,,,,,,,,,,,,,
